relation_id,parent_document_id,attachment_document_id,requirement_status,alternative_group,condition_note,display_order,valid_from,valid_to,source_document_id,source_page
c825aaf9-8f76-4805-8fcd-fbba254dbad0,8f28a393-d0e4-4f33-ae7c-56de386bd45a,38f87f10-58d7-45c4-8773-1b9fafd83bfd,CONDITIONAL,,"대리신청(부득이한 경우, 행정사 등)일 때만 첨부 — 본인 직접 신청 시 불필요",10,2026-01-12,2026-09-18,d3c64f30-9c86-4459-93d5-bfbb02863e5c,9-10
5a8fa696-1d14-40a5-8a61-2b31bf414709,9f7377b5-6a67-4e5c-baf4-e095e57a6321,abbde325-2173-4681-9add-f00981b76675,REQUIRED,,고용기업 추천서(서식5)에 명시된 첨부물(주민등록증 또는 운전면허증),20,2026-01-12,2026-09-18,d3c64f30-9c86-4459-93d5-bfbb02863e5c,"9,19"
46e8c409-bd69-4896-8008-d8c4071c037e,cb590ea3-0821-428a-b81e-017ddf6626b8,888d71b1-17e8-490b-bd54-95800122199b,REQUIRED,,,1,2026-08-03,2026-09-18,2c892d50-7de9-431f-95f7-c02c7b2a7d76,9
412647b8-ffd8-48bf-8730-393d3e971660,cb590ea3-0821-428a-b81e-017ddf6626b8,f314edaa-b5c4-4c51-b6a7-c2b5567ba27b,REQUIRED,,,2,2026-08-03,2026-09-18,2c892d50-7de9-431f-95f7-c02c7b2a7d76,9
5acbd4d1-cf73-4fcb-9dd7-c1721dc30a2a,cb590ea3-0821-428a-b81e-017ddf6626b8,3e4ca84d-1732-4a9d-a96d-a674bdb664a3,REQUIRED,,,3,2026-08-03,2026-09-18,2c892d50-7de9-431f-95f7-c02c7b2a7d76,9
40cdd1c5-3c68-49e0-9686-604aabd0402c,cb590ea3-0821-428a-b81e-017ddf6626b8,62a23d43-1c09-44af-ab67-f8350da76660,REQUIRED,,,4,2026-08-03,2026-09-18,2c892d50-7de9-431f-95f7-c02c7b2a7d76,9
2d6f0c37-2ec7-4f91-aff2-2706bb045403,cb590ea3-0821-428a-b81e-017ddf6626b8,e27c008e-700c-4f26-9113-3c00dcca094e,ALTERNATIVE,EDUCATION_OR_INCOME,학력 또는 소득 중 충족하는 요건의 입증서류,5,2026-08-03,2026-09-18,2c892d50-7de9-431f-95f7-c02c7b2a7d76,9
04026efd-c040-4493-b01c-2e0fd4e93994,cb590ea3-0821-428a-b81e-017ddf6626b8,a771432e-6b4f-4a3e-9265-911eadffdf24,ALTERNATIVE,EDUCATION_OR_INCOME,학력 또는 소득 중 충족하는 요건의 입증서류,6,2026-08-03,2026-09-18,2c892d50-7de9-431f-95f7-c02c7b2a7d76,9
e9d627f4-dc06-4cd2-803c-56d386aafcb4,cb590ea3-0821-428a-b81e-017ddf6626b8,32b594a0-215e-4958-b05e-14166703ed1b,ALTERNATIVE,RESIDENCE_PROOF,거주지 입증서류 예시 중 택1; 원문 '등'에 따라 목록은 비폐쇄,7,2026-08-03,2026-09-18,2c892d50-7de9-431f-95f7-c02c7b2a7d76,9
5f4eb8a9-dcd8-4da9-94c3-92540c958c36,cb590ea3-0821-428a-b81e-017ddf6626b8,b1f68dc7-22db-4195-aaed-63aa080005cf,ALTERNATIVE,RESIDENCE_PROOF,거주지 입증서류 예시 중 택1; 원문 '등'에 따라 목록은 비폐쇄,8,2026-08-03,2026-09-18,2c892d50-7de9-431f-95f7-c02c7b2a7d76,9
7f15a839-74a3-4598-8560-ad16c1c7a120,cb590ea3-0821-428a-b81e-017ddf6626b8,e7cae1ba-ff2c-46e7-9f7a-675520496fa5,ALTERNATIVE,RESIDENCE_PROOF,거주지 입증서류 예시 중 택1; 원문 '등'에 따라 목록은 비폐쇄,9,2026-08-03,2026-09-18,2c892d50-7de9-431f-95f7-c02c7b2a7d76,9
703cf821-7372-46ed-86e7-8c74c160fe95,cb590ea3-0821-428a-b81e-017ddf6626b8,e807f21d-b04f-4120-a2b0-de74173c41d6,CONDITIONAL,,취업 신청 시,10,2026-08-03,2026-09-18,2c892d50-7de9-431f-95f7-c02c7b2a7d76,9
fc182bce-6e0b-4bf1-85c9-6c4d3e271ac4,cb590ea3-0821-428a-b81e-017ddf6626b8,248cc8fc-f989-4c23-8261-2c2c188674d6,CONDITIONAL,,취업 신청 시,11,2026-08-03,2026-09-18,2c892d50-7de9-431f-95f7-c02c7b2a7d76,9
cb3d5c5a-76f9-4f43-b2a6-598ebdef75b5,cb590ea3-0821-428a-b81e-017ddf6626b8,460a3c45-2aec-45b3-8a21-e1e611816c2d,CONDITIONAL,,취업 신청 시 고용기업 확인,12,2026-08-03,2026-09-18,2c892d50-7de9-431f-95f7-c02c7b2a7d76,9
006943d5-4d72-4646-b1bd-bc16f7d35905,cb590ea3-0821-428a-b81e-017ddf6626b8,7b89fe42-eb3f-4cf1-8b24-b294b24f795d,CONDITIONAL,,취업 신청 시,13,2026-08-03,2026-09-18,2c892d50-7de9-431f-95f7-c02c7b2a7d76,9
bc3671e2-07c5-4793-beaa-6736c4835075,cb590ea3-0821-428a-b81e-017ddf6626b8,bed8eb00-4a87-4a9e-a6a5-4a8bb10e5c43,CONDITIONAL,,창업 신청 시,14,2026-08-03,2026-09-18,2c892d50-7de9-431f-95f7-c02c7b2a7d76,9
51f6ea4e-0df4-49e5-87c5-470304125f95,cb590ea3-0821-428a-b81e-017ddf6626b8,2a5feae6-ade1-4589-a711-bcfb3ba1c564,CONDITIONAL,,창업 신청 시,15,2026-08-03,2026-09-18,2c892d50-7de9-431f-95f7-c02c7b2a7d76,9
ffbc9e01-62b2-4f48-8059-e0d1dd1d0db8,cb590ea3-0821-428a-b81e-017ddf6626b8,24c996cd-6f1c-40b5-b8a2-95de7d1a0c2d,CONDITIONAL,,법인 창업 신청 시,16,2026-08-03,2026-09-18,2c892d50-7de9-431f-95f7-c02c7b2a7d76,9
e48e09b1-9014-4cf1-a190-edd725dd106d,cb590ea3-0821-428a-b81e-017ddf6626b8,50011f80-1c98-4c2b-a7ab-27e15383707e,CONDITIONAL,,"임대차계약서, 전경·사무공간·간판 사진 등",17,2026-08-03,2026-09-18,2c892d50-7de9-431f-95f7-c02c7b2a7d76,9
a4741394-9763-4749-a465-6d6f7680beef,cb590ea3-0821-428a-b81e-017ddf6626b8,ddb3b023-4c2f-488b-8963-be47c40fb0d4,CONDITIONAL,,해당자,18,2026-08-03,2026-09-18,2c892d50-7de9-431f-95f7-c02c7b2a7d76,9
9da4e7bb-3355-4ad5-9797-bc40d652c3fa,cb590ea3-0821-428a-b81e-017ddf6626b8,a3d97a80-f2ad-442d-a65b-3a99f1a1ac94,CONDITIONAL,,투자자금 도입 입증,19,2026-08-03,2026-09-18,2c892d50-7de9-431f-95f7-c02c7b2a7d76,9
4266de4b-47ed-48c3-bd03-714f62627b87,cb590ea3-0821-428a-b81e-017ddf6626b8,4b324656-b442-440b-b03f-81578fe0312d,CONDITIONAL,,투자자금 도입 입증,20,2026-08-03,2026-09-18,2c892d50-7de9-431f-95f7-c02c7b2a7d76,9
395174bb-1779-4ea8-8f19-995ace87a895,cb590ea3-0821-428a-b81e-017ddf6626b8,4868232c-39c5-49d9-a089-ce35970a8ce7,CONDITIONAL,,투자자금 도입 입증,21,2026-08-03,2026-09-18,2c892d50-7de9-431f-95f7-c02c7b2a7d76,9
f944a8fe-2a81-4941-ac0e-4f9e2182796d,cb590ea3-0821-428a-b81e-017ddf6626b8,83fe0321-5c97-444e-b83b-5522c67cb336,CONDITIONAL,,"영수증, 인테리어 비용, 국내은행 계좌 입출금 내역 등",22,2026-08-03,2026-09-18,2c892d50-7de9-431f-95f7-c02c7b2a7d76,9
1f69092e-f8a5-4035-abe3-ad069212521e,cb590ea3-0821-428a-b81e-017ddf6626b8,5415a704-371e-455b-ab62-1d06d4dae169,REQUIRED,,,23,2026-08-03,2026-09-18,2c892d50-7de9-431f-95f7-c02c7b2a7d76,9
510cd03a-50eb-40d9-9f9e-b8fc82f0864c,cb590ea3-0821-428a-b81e-017ddf6626b8,414730cf-6b6d-4e63-be3e-591e9d4b596a,REQUIRED,,,24,2026-08-03,2026-09-18,2c892d50-7de9-431f-95f7-c02c7b2a7d76,9
f126a055-9a1e-42c9-96c0-84766f0fd564,cb590ea3-0821-428a-b81e-017ddf6626b8,b87eb278-ce10-419f-a872-82ae72b8584f,REQUIRED,,원문 오탈자 '증며서'를 '증명서'로 정규화,25,2026-08-03,2026-09-18,2c892d50-7de9-431f-95f7-c02c7b2a7d76,9
1f036fee-de1a-4989-89d0-92c2a9ad8f86,cb590ea3-0821-428a-b81e-017ddf6626b8,776ff863-0230-492e-97f5-ea1dd5efce0a,REQUIRED,,,26,2026-08-03,2026-09-18,2c892d50-7de9-431f-95f7-c02c7b2a7d76,9
a550aa43-7280-4429-8449-e27e5e4e6873,cb590ea3-0821-428a-b81e-017ddf6626b8,13761447-e924-4821-a999-6a7b4ceeeb8e,REQUIRED,,,27,2026-08-03,2026-09-18,2c892d50-7de9-431f-95f7-c02c7b2a7d76,9
0fa8c1a4-d8d2-4d62-a592-e55d7a16803a,cb590ea3-0821-428a-b81e-017ddf6626b8,74d649df-7e93-4767-b297-622227a12b53,ALTERNATIVE,EXCEPTION_ENTITY_TYPE,소상공인인 경우,28,2026-05-18,2027-12-31,2c892d50-7de9-431f-95f7-c02c7b2a7d76,9
280072ed-534d-4ab5-aefb-a7645e4aad13,cb590ea3-0821-428a-b81e-017ddf6626b8,3dab1bf8-ba25-4af6-9605-6bd3849079cb,ALTERNATIVE,EXCEPTION_ENTITY_TYPE,농업법인인 경우,29,2026-05-18,2027-12-31,2c892d50-7de9-431f-95f7-c02c7b2a7d76,9
48c4fcb7-5898-4784-95be-c2d54b2ea1ad,cb590ea3-0821-428a-b81e-017ddf6626b8,cd1d2c50-feed-479c-b811-5773fb010f30,ALTERNATIVE,SALES_PROOF,특례 신청 시 과세·면세 유형에 맞는 매출 입증서류 중 제출; 원문 '등'에 따라 목록은 비폐쇄,30,2026-05-18,2027-12-31,2c892d50-7de9-431f-95f7-c02c7b2a7d76,9
70ebc8a4-df87-4d1a-96c6-f871b9dfeb4d,cb590ea3-0821-428a-b81e-017ddf6626b8,3751de40-5ee8-4c2d-90c1-afbe8615b2ae,ALTERNATIVE,SALES_PROOF,특례 신청 시 과세·면세 유형에 맞는 매출 입증서류 중 제출; 원문 '등'에 따라 목록은 비폐쇄,31,2026-05-18,2027-12-31,2c892d50-7de9-431f-95f7-c02c7b2a7d76,9
a53a32d2-9e5e-448b-86c4-67603c5263a8,cb590ea3-0821-428a-b81e-017ddf6626b8,7c37cc2e-99d2-49dd-90f2-a889e27ed016,ALTERNATIVE,LANGUAGE_PROOF,기본소양 입증서류 3종 중 택1; 별도 유효기간이 있으면 신청일 당시 유효해야 함,32,2026-08-03,2026-09-18,2c892d50-7de9-431f-95f7-c02c7b2a7d76,9
7d072d7a-02e5-4da2-9717-14220c7c7f9e,cb590ea3-0821-428a-b81e-017ddf6626b8,0be54517-ec4a-422d-8b1f-27a76f3a24f5,ALTERNATIVE,LANGUAGE_PROOF,기본소양 입증서류 3종 중 택1; 별도 유효기간이 있으면 신청일 당시 유효해야 함,33,2026-08-03,2026-09-18,2c892d50-7de9-431f-95f7-c02c7b2a7d76,9
f5a36cba-fa3a-4b96-a961-54bbb3526c8e,cb590ea3-0821-428a-b81e-017ddf6626b8,ab7bc4d5-8acf-490e-8ce1-454d3ad9550e,ALTERNATIVE,LANGUAGE_PROOF,기본소양 입증서류 3종 중 택1; 별도 유효기간이 있으면 신청일 당시 유효해야 함,34,2026-08-03,2026-09-18,2c892d50-7de9-431f-95f7-c02c7b2a7d76,9
f217a06a-c65a-42f4-b11b-46e9ae285d09,cb590ea3-0821-428a-b81e-017ddf6626b8,f44fb09e-7b83-47fb-a666-3a7e4b496ea0,REQUIRED,,,35,2026-08-03,2026-09-18,2c892d50-7de9-431f-95f7-c02c7b2a7d76,9
