document_requirement_id,stage_id,document_name,document_category,filled_by,submitted_by,submission_target,signer,requirement_status,alternative_group,condition_note,display_order,valid_from,valid_to,source_document_id,source_page,last_verified_at,notes
8f28a393-d0e4-4f33-ae7c-56de386bd45a,ac419d10-617a-4fdf-a160-ceec3259432f,지역특화형 비자사업 추천서 발급신청서,APPLICATION,외국인 신청인 본인,외국인 본인,시군 지역특화비자 담당부서(○○시장·군수),신청인,REQUIRED,,,10,2026-01-12,2026-09-18,d3c64f30-9c86-4459-93d5-bfbb02863e5c,14-15,2026-08-24,"document_forms.csv 서식1. required_attachments 원문: 여권사본(인적사항면), 사진, 외국인등록증, 외국인등록사실증명, (필요시)위임장(서식1-2) — 개별 document_requirements 행 및 document_attachment_relations로 별도 표현함."
38f87f10-58d7-45c4-8773-1b9fafd83bfd,ac419d10-617a-4fdf-a160-ceec3259432f,위임장,OTHER,위임인(신청인 본인) 및 수임인,대리인(수임인),시군 지역특화비자 담당부서(○○시장·군수),"위임인, 수임인",CONDITIONAL,,"본인이 직접 신청하면 제출 불필요 — 대리신청(부득이한 경우, 행정사 등)일 때만 필요",20,2026-01-12,2026-09-18,d3c64f30-9c86-4459-93d5-bfbb02863e5c,16,2026-08-24,document_forms.csv 서식1-2.
4644e464-e8f3-4b11-aafd-741f5fa8c4d9,ac419d10-617a-4fdf-a160-ceec3259432f,점수제 자체 심사표,OTHER,외국인 본인,외국인 본인,시군 지역특화비자 담당부서(○○시장·군수),작성자(외국인 본인),REQUIRED,,,30,2026-01-12,2026-09-18,d3c64f30-9c86-4459-93d5-bfbb02863e5c,17,2026-08-24,document_forms.csv 서식3.
1285146a-a7ab-4067-bf58-27bdca5cdb73,ac419d10-617a-4fdf-a160-ceec3259432f,신상 기술서,OTHER,외국인 본인,외국인 본인,시군 지역특화비자 담당부서(○○시장·군수),작성자(외국인 본인),REQUIRED,,,40,2026-01-12,2026-09-18,d3c64f30-9c86-4459-93d5-bfbb02863e5c,18,2026-08-24,document_forms.csv 서식4.
9f7377b5-6a67-4e5c-baf4-e095e57a6321,ac419d10-617a-4fdf-a160-ceec3259432f,고용기업 추천서,RECOMMENDATION,고용기업 대표자(추천자),현재 근무처(외국인 본인이 시군에 같이 제출),시군 지역특화비자 담당부서(○○시장·군수),고용기업 대표자(추천자),REQUIRED,,,50,2026-01-12,2026-09-18,d3c64f30-9c86-4459-93d5-bfbb02863e5c,19,2026-08-24,document_forms.csv 서식5. required_attachments 원문: 추천자 신분증 사본(주민등록증 또는 운전면허증) — 별도 document_requirements 행 + attachment relation으로 표현함.
51dfe979-f2b1-4a49-bf23-c889f175fe3a,ac419d10-617a-4fdf-a160-ceec3259432f,외국인근로자 표준근로계약서(예시),EMPLOYMENT,사용자(고용주) 및 근로자(외국인) 공동,외국인 본인,시군 지역특화비자 담당부서(○○시장·군수),"사용자, 근로자",REQUIRED,,,60,2026-01-12,2026-09-18,d3c64f30-9c86-4459-93d5-bfbb02863e5c,20-21,2026-08-24,document_forms.csv 서식6.
8ede6bdc-94c9-4ff4-994a-3dcef1d54b78,ac419d10-617a-4fdf-a160-ceec3259432f,신원보증서(별지 제129호),OTHER,신원보증인(고용주),외국인 본인,시군 지역특화비자 담당부서(○○시장·군수),신원보증인,REQUIRED,,,70,2026-01-12,2026-09-18,d3c64f30-9c86-4459-93d5-bfbb02863e5c,22,2026-08-24,document_forms.csv 서식7.
fc854714-d6b9-4d96-aa21-284be718d9c0,5b636b06-5984-4191-bdb6-f5b329334329,광역지자체장 추천서,RECOMMENDATION,광역지자체(충청북도),시군(법무부 제출용),관할 출입국·외국인관서(법무부),추천기관(직인),REQUIRED,,,80,2026-01-12,2026-09-18,d3c64f30-9c86-4459-93d5-bfbb02863e5c,23,2026-08-24,document_forms.csv 서식8.
925b35e4-9280-464c-a805-9934d8d156b4,e51a4dfb-7caa-422c-bfec-b7e77ea70261,통합신청서(출입국관리법 시행규칙 별지 제34호서식),APPLICATION,신청인(외국인) 본인,법무부 제출용,관할 출입국·외국인관서(법무부),"신청인, (해당 시) 배우자·부모",REQUIRED,,,90,2026-01-12,2026-09-18,d3c64f30-9c86-4459-93d5-bfbb02863e5c,24,2026-08-24,"document_forms.csv 서식9. required_attachments 원문: 여권용 사진, 시군 제출 서류 일체, 체류자격별 첨부서류(「출입국관리법 시행규칙」 별표5의2 참고) — '시군 제출 서류 일체'는 이미 제출된 모든 서류가 사건과 함께 이동한다는 의미이지 새 물리 문서가 아니므로 document_attachment_relations 행을 개별로 만들지 않음(task-7-brief.md 지침에 따름)."
286b1be1-66fb-4602-bbb5-139e1b76f629,ac419d10-617a-4fdf-a160-ceec3259432f,여권사본(인적사항면),IDENTITY,해당 없음(발급기관 발급서류),외국인 본인,시군 지역특화비자 담당부서(○○시장·군수),해당 없음(발급기관 발급서류),REQUIRED,,,100,2026-01-12,2026-09-18,d3c64f30-9c86-4459-93d5-bfbb02863e5c,9,2026-08-24,공고문 9페이지 제출서류 목록 1번 항목(신청서 등과 함께 묶여있던 6개 문서 중 1개) 분리.
968ec1e7-5981-48cb-b84b-bf3ae3d88b3f,ac419d10-617a-4fdf-a160-ceec3259432f,사진,IDENTITY,해당 없음(발급기관 발급서류),외국인 본인,시군 지역특화비자 담당부서(○○시장·군수),해당 없음(발급기관 발급서류),REQUIRED,,,110,2026-01-12,2026-09-18,d3c64f30-9c86-4459-93d5-bfbb02863e5c,9,2026-08-24,공고문 9페이지 제출서류 목록 1번 항목 분리.
3cebb2b0-1788-4537-8c50-ce15d14d47f7,ac419d10-617a-4fdf-a160-ceec3259432f,외국인등록증,IDENTITY,해당 없음(발급기관 발급서류),외국인 본인,시군 지역특화비자 담당부서(○○시장·군수),해당 없음(발급기관 발급서류),REQUIRED,,,120,2026-01-12,2026-09-18,d3c64f30-9c86-4459-93d5-bfbb02863e5c,9,2026-08-24,공고문 9페이지 제출서류 목록 1번 항목 분리.
00894495-7528-4f58-842b-f72363d685ea,ac419d10-617a-4fdf-a160-ceec3259432f,외국인등록사실증명,IDENTITY,해당 없음(발급기관 발급서류),외국인 본인,시군 지역특화비자 담당부서(○○시장·군수),해당 없음(발급기관 발급서류),REQUIRED,,,130,2026-01-12,2026-09-18,d3c64f30-9c86-4459-93d5-bfbb02863e5c,9,2026-08-24,공고문 9페이지 제출서류 목록 1번 항목 분리.
69662887-9ecd-4440-a5ad-7fbc53d25003,ac419d10-617a-4fdf-a160-ceec3259432f,세무서 발행 소득금액증명원,INCOME,해당 없음(발급기관 발급서류),외국인 본인,시군 지역특화비자 담당부서(○○시장·군수),해당 없음(발급기관 발급서류),REQUIRED,,최근 2년간 평균소득 확인용,140,2026-01-12,2026-09-18,d3c64f30-9c86-4459-93d5-bfbb02863e5c,9,2026-08-24,
620a2aa0-5511-441d-bf44-cf733ba1aae3,ac419d10-617a-4fdf-a160-ceec3259432f,한국어능력 입증서류 - TOPIK 성적표,OTHER,해당 없음(발급기관 발급서류),외국인 본인,시군 지역특화비자 담당부서(○○시장·군수),해당 없음(발급기관 발급서류),ALTERNATIVE,LANGUAGE_PROOF,"원문: '한국어능력 입증을 TOPIK으로 할 경우만 점수표를 제출하고, 사회통합프로그램 이수나 사전평가 점수로 하는 경우 이수증이나 사전평가 성적표 제출 생략' — 문장 자체는 다소 모호하나, TOPIK 성적표 / 사회통합프로그램 이수증 / 사전평가 성적표 중 하나만 제출하면 된다는 취지로 해석하여 3개 대체(ALTERNATIVE) 행으로 분리함(alternative_group=LANGUAGE_PROOF).",150,2026-01-12,2026-09-18,d3c64f30-9c86-4459-93d5-bfbb02863e5c,9,2026-08-24,
cb65fe94-86f8-4aac-8149-c8cbfce3ca3a,ac419d10-617a-4fdf-a160-ceec3259432f,한국어능력 입증서류 - 사회통합프로그램 이수증,OTHER,해당 없음(발급기관 발급서류),외국인 본인,시군 지역특화비자 담당부서(○○시장·군수),해당 없음(발급기관 발급서류),ALTERNATIVE,LANGUAGE_PROOF,"원문: '한국어능력 입증을 TOPIK으로 할 경우만 점수표를 제출하고, 사회통합프로그램 이수나 사전평가 점수로 하는 경우 이수증이나 사전평가 성적표 제출 생략' — 문장 자체는 다소 모호하나, TOPIK 성적표 / 사회통합프로그램 이수증 / 사전평가 성적표 중 하나만 제출하면 된다는 취지로 해석하여 3개 대체(ALTERNATIVE) 행으로 분리함(alternative_group=LANGUAGE_PROOF).",160,2026-01-12,2026-09-18,d3c64f30-9c86-4459-93d5-bfbb02863e5c,9,2026-08-24,
fdf050ba-ff7f-41af-ac0e-26ce8f19066d,ac419d10-617a-4fdf-a160-ceec3259432f,한국어능력 입증서류 - 사전평가 성적표,OTHER,해당 없음(발급기관 발급서류),외국인 본인,시군 지역특화비자 담당부서(○○시장·군수),해당 없음(발급기관 발급서류),ALTERNATIVE,LANGUAGE_PROOF,"원문: '한국어능력 입증을 TOPIK으로 할 경우만 점수표를 제출하고, 사회통합프로그램 이수나 사전평가 점수로 하는 경우 이수증이나 사전평가 성적표 제출 생략' — 문장 자체는 다소 모호하나, TOPIK 성적표 / 사회통합프로그램 이수증 / 사전평가 성적표 중 하나만 제출하면 된다는 취지로 해석하여 3개 대체(ALTERNATIVE) 행으로 분리함(alternative_group=LANGUAGE_PROOF).",170,2026-01-12,2026-09-18,d3c64f30-9c86-4459-93d5-bfbb02863e5c,9,2026-08-24,
a5a02353-5574-449d-85c6-383367973bb5,ac419d10-617a-4fdf-a160-ceec3259432f,거주지 입증서류,RESIDENCE,해당 없음(발급기관 발급서류),외국인 본인,시군 지역특화비자 담당부서(○○시장·군수),해당 없음(발급기관 발급서류),REQUIRED,,"예: 부동산임대차계약서, 부동산등기부등본 등",180,2026-01-12,2026-09-18,d3c64f30-9c86-4459-93d5-bfbb02863e5c,9,2026-08-24,
37171b6d-e56b-4568-b347-9140117dd2b9,ac419d10-617a-4fdf-a160-ceec3259432f,사업자등록증 사본,EMPLOYMENT,해당 없음(발급기관 발급서류),외국인 본인,시군 지역특화비자 담당부서(○○시장·군수),해당 없음(발급기관 발급서류),ALTERNATIVE,EMPLOYER_REGISTRATION_PROOF,사업자등록증 사본 또는 농업경영체등록 중 택1,190,2026-01-12,2026-09-18,d3c64f30-9c86-4459-93d5-bfbb02863e5c,9,2026-08-24,
f14db98e-3f4b-4dfa-823d-c7e24af8af6a,ac419d10-617a-4fdf-a160-ceec3259432f,농업경영체등록(국립농산물품질관리원),EMPLOYMENT,해당 없음(발급기관 발급서류),외국인 본인,시군 지역특화비자 담당부서(○○시장·군수),해당 없음(발급기관 발급서류),ALTERNATIVE,EMPLOYER_REGISTRATION_PROOF,사업자등록증 사본 또는 농업경영체등록 중 택1,200,2026-01-12,2026-09-18,d3c64f30-9c86-4459-93d5-bfbb02863e5c,9,2026-08-24,
14daba75-ac05-4fee-a659-fd6605cbddd6,ac419d10-617a-4fdf-a160-ceec3259432f,납세증명서,EMPLOYMENT,해당 없음(발급기관 발급서류),외국인 본인,시군 지역특화비자 담당부서(○○시장·군수),해당 없음(발급기관 발급서류),REQUIRED,,기업의 세금체납 여부 확인용,210,2026-01-12,2026-09-18,d3c64f30-9c86-4459-93d5-bfbb02863e5c,9,2026-08-24,
27c0d1dc-d65d-4e1b-b8d9-4b38025106bf,ac419d10-617a-4fdf-a160-ceec3259432f,지방세납세증명서,EMPLOYMENT,해당 없음(발급기관 발급서류),외국인 본인,시군 지역특화비자 담당부서(○○시장·군수),해당 없음(발급기관 발급서류),REQUIRED,,기업의 세금체납 여부 확인용,220,2026-01-12,2026-09-18,d3c64f30-9c86-4459-93d5-bfbb02863e5c,9,2026-08-24,
a17d8214-cd5e-4bc9-b142-eb2b7d062669,ac419d10-617a-4fdf-a160-ceec3259432f,4대 보험 가입자 명부(고용보험 가입자 명부),EMPLOYMENT,해당 없음(발급기관 발급서류),외국인 본인,시군 지역특화비자 담당부서(○○시장·군수),해당 없음(발급기관 발급서류),ALTERNATIVE,EMPLOYMENT_INSURANCE_PROOF,"원문: '4대 보험 가입자 명부(고용보험 가입자 명부) 또는 농업경영체등록(국립농산물품질관리원) 또는 공사금액입증서류(건설업에 한함)'. 판단: 공사금액입증서류는 '건설업에 한함'이라는 문구가 일반 대체 선택지가 아니라 건설업 고용주에게만 적용되는 제출 범위 제한으로 읽혀, 고용보험/농업경영체등록 2개만 ALTERNATIVE(EMPLOYMENT_INSURANCE_PROOF)로 묶고 공사금액입증서류는 별도 CONDITIONAL 행으로 분리함(task-7-brief.md 항목 13 판단 근거).",230,2026-01-12,2026-09-18,d3c64f30-9c86-4459-93d5-bfbb02863e5c,9,2026-08-24,
ff4217b0-1931-4632-9b50-25b265807357,ac419d10-617a-4fdf-a160-ceec3259432f,농업경영체등록(국립농산물품질관리원),EMPLOYMENT,해당 없음(발급기관 발급서류),외국인 본인,시군 지역특화비자 담당부서(○○시장·군수),해당 없음(발급기관 발급서류),ALTERNATIVE,EMPLOYMENT_INSURANCE_PROOF,"원문: '4대 보험 가입자 명부(고용보험 가입자 명부) 또는 농업경영체등록(국립농산물품질관리원) 또는 공사금액입증서류(건설업에 한함)'. 판단: 공사금액입증서류는 '건설업에 한함'이라는 문구가 일반 대체 선택지가 아니라 건설업 고용주에게만 적용되는 제출 범위 제한으로 읽혀, 고용보험/농업경영체등록 2개만 ALTERNATIVE(EMPLOYMENT_INSURANCE_PROOF)로 묶고 공사금액입증서류는 별도 CONDITIONAL 행으로 분리함(task-7-brief.md 항목 13 판단 근거).",240,2026-01-12,2026-09-18,d3c64f30-9c86-4459-93d5-bfbb02863e5c,9,2026-08-24,
c1bdf5b0-0d5d-4772-ad62-9f78757edeb0,ac419d10-617a-4fdf-a160-ceec3259432f,공사금액입증서류(건설업에 한함),EMPLOYMENT,해당 없음(발급기관 발급서류),외국인 본인,시군 지역특화비자 담당부서(○○시장·군수),해당 없음(발급기관 발급서류),CONDITIONAL,,건설업에 한함,250,2026-01-12,2026-09-18,d3c64f30-9c86-4459-93d5-bfbb02863e5c,9,2026-08-24,
abbde325-2173-4681-9add-f00981b76675,ac419d10-617a-4fdf-a160-ceec3259432f,추천자 신분증 사본,IDENTITY,해당 없음(발급기관 발급서류),현재 근무처(외국인 본인이 시군에 같이 제출),시군 지역특화비자 담당부서(○○시장·군수),해당 없음(발급기관 발급서류),REQUIRED,,고용기업 추천서(서식5)와 함께 제출,260,2026-01-12,2026-09-18,d3c64f30-9c86-4459-93d5-bfbb02863e5c,9,2026-08-24,
9c74807b-929a-4b5f-97aa-2b0bb54bee2f,ac419d10-617a-4fdf-a160-ceec3259432f,국내 자격증 사본,OTHER,해당 없음(발급기관 발급서류),외국인 본인,시군 지역특화비자 담당부서(○○시장·군수),해당 없음(발급기관 발급서류),CONDITIONAL,,가점 해당자만 제출,270,2026-01-12,2026-09-18,d3c64f30-9c86-4459-93d5-bfbb02863e5c,9,2026-08-24,
1ae68fda-bfa2-49d8-9c18-d8df9fd1bd6b,ac419d10-617a-4fdf-a160-ceec3259432f,국내 학위증 사본,EDUCATION,해당 없음(발급기관 발급서류),외국인 본인,시군 지역특화비자 담당부서(○○시장·군수),해당 없음(발급기관 발급서류),CONDITIONAL,,가점 해당자만 제출,280,2026-01-12,2026-09-18,d3c64f30-9c86-4459-93d5-bfbb02863e5c,9,2026-08-24,
1d72fee3-17de-42b5-a3fd-18e8b1b8e436,ac419d10-617a-4fdf-a160-ceec3259432f,국내 운전면허증 사본,OTHER,해당 없음(발급기관 발급서류),외국인 본인,시군 지역특화비자 담당부서(○○시장·군수),해당 없음(발급기관 발급서류),CONDITIONAL,,가점 해당자만 제출,290,2026-01-12,2026-09-18,d3c64f30-9c86-4459-93d5-bfbb02863e5c,9,2026-08-24,
e2bb8c54-5f58-463b-ac92-17feec67ce87,ac419d10-617a-4fdf-a160-ceec3259432f,구직등록필증 사본,EMPLOYMENT,해당 없음(발급기관 발급서류),외국인 본인,시군 지역특화비자 담당부서(○○시장·군수),해당 없음(발급기관 발급서류),CONDITIONAL,,"구직 중인 E9, E10, H2 제출",300,2026-01-12,2026-09-18,d3c64f30-9c86-4459-93d5-bfbb02863e5c,9,2026-08-24,
38de42a0-28d1-4ca8-b291-1cd0d5f9a9d6,ac419d10-617a-4fdf-a160-ceec3259432f,원청확인서 또는 기자재업체확인서,EMPLOYMENT,원청 또는 기자재업체,외국인 본인,시군 지역특화비자 담당부서(○○시장·군수),원청 또는 기자재업체,CONDITIONAL,,조선업만 해당,310,2026-01-12,2026-09-18,d3c64f30-9c86-4459-93d5-bfbb02863e5c,9,2026-08-24,
34fd4f66-4b56-4416-985c-9bfe9fbd47eb,ac419d10-617a-4fdf-a160-ceec3259432f,내항여객운송사업면허증 또는 내항화물운송사업등록증,EMPLOYMENT,해당 없음(발급기관 발급서류),외국인 본인,시군 지역특화비자 담당부서(○○시장·군수),해당 없음(발급기관 발급서류),CONDITIONAL,,내항정기운송사업만 해당,320,2026-01-12,2026-09-18,d3c64f30-9c86-4459-93d5-bfbb02863e5c,9,2026-08-24,
