source_document_id,source_document_key,visa_id,document_type,document_name,notice_round,published_at,source_location,file_hash_sha256,page_basis,last_verified_at
c4e3a139-af13-44ce-b72f-1f223bfc8db5,f4r_r12_announcement,606d8651-1d04-47fe-8f69-165b3ed3d834,ANNOUNCEMENT,충북_지혁특화형비자사업_외국국적동포_모집공고_12차.pdf,12,2025-03-07,data/raw/지역특화_재외동포_F-4-R/충청북도 지역특화형 비자 사업 외국국적동포(F4R) 공고(2025~2026년 12차).hwpx,,PDF,2026-08-25
2c892d50-7de9-431f-95f7-c02c7b2a7d76,r17_announcement_2026_df1fdde9,a228433b-abe4-4785-8496-3e1cb3d597c1,ANNOUNCEMENT,1. 충북 지역특화형 비자 사업 지역우수인재(F-2-R) 공고문(2026년 17차).pdf,17,2026-08-03,data/raw/지역특화_우수인재_F-2-R/공고_지침/1. 충북 지역특화형 비자 사업 지역우수인재(F-2-R) 공고문(2026년 17차).hwpx,,CONVERTED_PDF,2026-08-15
6fe08cb5-96dd-4784-b266-f72d517595fc,r17_attachment_2026_07f157ee,a228433b-abe4-4785-8496-3e1cb3d597c1,ATTACHMENT,2. 충북 지역특화형 비자 사업 지역우수인재(F-2-R) 공고 붙임자료(2026년 17차).pdf,17,2026-08-03,data/raw/지역특화_우수인재_F-2-R/안내_참고자료/2. 충북 지역특화형 비자 사업 지역우수인재(F-2-R) 공고 붙임자료(2026년 17차).hwpx,,CONVERTED_PDF,2026-08-15
d3c64f30-9c86-4459-93d5-bfbb02863e5c,e74r_r8_announcement,346834f7-ac6e-4958-8e0d-8c2b4fb03a7e,ANNOUNCEMENT,충청북도 지역특화형 비자 사업 숙련기능인력(E74R) 공고(2026년 8차),8,2026-08-03,data/raw/지역특화_숙련가능인력_E-7-4R/공고_지침/충청북도 지역특화형 비자 사업 숙련기능인력(E74R) 공고(2026년 8차).hwpx,,HWPX,2026-08-21
5a8d1bdc-94c6-4411-88b2-7cf59d930363,e74r_r1_to_r2,346834f7-ac6e-4958-8e0d-8c2b4fb03a7e,AMENDMENT,공고(2026년 1차).pdf → 공고(2026년 2차).pdf,,,data/raw/지역특화_숙련가능인력_E-7-4R/공고_지침/충청북도 지역특화형 비자 사업 숙련기능인력(E74R) 공고(2026년 1차).hwpx -> data/raw/지역특화_숙련가능인력_E-7-4R/공고_지침/충청북도 지역특화형 비자 사업 숙련기능인력(E74R) 공고(2026년 2차).hwp,,CONVERTED_PDF,2026-08-25
61b08f67-7593-4db0-9997-02c322b4600c,e74r_r2_to_r3,346834f7-ac6e-4958-8e0d-8c2b4fb03a7e,AMENDMENT,공고(2026년 2차).pdf → 공고(2026년 3차).pdf,,,data/raw/지역특화_숙련가능인력_E-7-4R/공고_지침/충청북도 지역특화형 비자 사업 숙련기능인력(E74R) 공고(2026년 2차).hwp -> data/raw/지역특화_숙련가능인력_E-7-4R/공고_지침/충청북도 지역특화형 비자 사업 숙련기능인력(E74R) 공고(2026년 3차).hwp,,CONVERTED_PDF,2026-08-25
a428bbd3-7702-4d9f-96d7-696cea92c415,e74r_r3_to_r4,346834f7-ac6e-4958-8e0d-8c2b4fb03a7e,AMENDMENT,공고(2026년 3차).pdf → 공고(2026년 4차).pdf,,,data/raw/지역특화_숙련가능인력_E-7-4R/공고_지침/충청북도 지역특화형 비자 사업 숙련기능인력(E74R) 공고(2026년 3차).hwp -> data/raw/지역특화_숙련가능인력_E-7-4R/공고_지침/충청북도 지역특화형 비자 사업 숙련기능인력(E74R) 공고(2026년 4차).hwp,,CONVERTED_PDF,2026-08-25
a501551f-63d8-4ba5-8fb6-72e37c412d88,e74r_r4_to_r5,346834f7-ac6e-4958-8e0d-8c2b4fb03a7e,AMENDMENT,공고(2026년 4차).pdf → 공고(2026년 5차).pdf,,,data/raw/지역특화_숙련가능인력_E-7-4R/공고_지침/충청북도 지역특화형 비자 사업 숙련기능인력(E74R) 공고(2026년 4차).hwp -> data/raw/지역특화_숙련가능인력_E-7-4R/공고_지침/충청북도 지역특화형 비자 사업 숙련기능인력(E74R) 공고(2026년 5차).hwpx,,CONVERTED_PDF,2026-08-25
900ab670-83f2-4d5b-89d5-511d6b2b0a60,e74r_r5_to_r6,346834f7-ac6e-4958-8e0d-8c2b4fb03a7e,AMENDMENT,공고(2026년 5차).pdf → 공고(2026년 6차).pdf,,,data/raw/지역특화_숙련가능인력_E-7-4R/공고_지침/충청북도 지역특화형 비자 사업 숙련기능인력(E74R) 공고(2026년 5차).hwpx -> data/raw/지역특화_숙련가능인력_E-7-4R/공고_지침/충청북도 지역특화형 비자 사업 숙련기능인력(E74R) 공고(2026년 6차).hwpx,,CONVERTED_PDF,2026-08-25
8b39ddbc-892a-4987-8ceb-a4d5f7b9c40a,e74r_r6_to_r7,346834f7-ac6e-4958-8e0d-8c2b4fb03a7e,AMENDMENT,공고(2026년 6차).pdf → 공고(2026년 7차).pdf,,,data/raw/지역특화_숙련가능인력_E-7-4R/공고_지침/충청북도 지역특화형 비자 사업 숙련기능인력(E74R) 공고(2026년 6차).hwpx -> data/raw/지역특화_숙련가능인력_E-7-4R/공고_지침/충청북도 지역특화형 비자 사업 숙련기능인력(E74R) 공고(2026년 7차).hwpx,,CONVERTED_PDF,2026-08-25
81b7eefb-0a51-4f1e-ac02-1ffe9cc3b38b,e74r_r7_to_r8,346834f7-ac6e-4958-8e0d-8c2b4fb03a7e,AMENDMENT,공고(2026년 7차).pdf → 공고(2026년 8차).pdf,,,data/raw/지역특화_숙련가능인력_E-7-4R/공고_지침/충청북도 지역특화형 비자 사업 숙련기능인력(E74R) 공고(2026년 7차).hwpx -> data/raw/지역특화_숙련가능인력_E-7-4R/공고_지침/충청북도 지역특화형 비자 사업 숙련기능인력(E74R) 공고(2026년 8차).hwpx,,CONVERTED_PDF,2026-08-25
0b93750b-5c28-46bb-9b46-207c8ed26dc9,d2_parttime_work_guide_2025,8a295d32-46dd-43a8-8a9d-b3713251bf1f,GUIDELINE,"2025년_충청북도_외국인정책_지원사업_안내.pdf p.13; studyinchungbuk.or.kr 시간제근로가이드(2026-08-11 조회, 동일 내용 확인)",,,"data/raw_hwp_to_pdf/2025년_충청북도_외국인정책_지원사업_안내.pdf; studyinchungbuk.or.kr 시간제근로가이드",,PDF,2026-08-26
a7636111-8179-412a-a9c7-36abf86a2c04,d2_certified_universities_2025,8a295d32-46dd-43a8-8a9d-b3713251bf1f,OTHER,"충북지역대학혁신지원센터 (https://cbrise.or.kr/sub.php?code=14) 충북 소재 대학 명단(18개교) + 한국유학종합시스템 (https://www.studyinkorea.go.kr/ko/plan/certifiedUniversity.do#top) 교육국제화역량 인증대학 페이지, 2025년 인증 결과 기준. 사람이 직접 확인함",,,https://cbrise.or.kr/sub.php?code=14; https://www.studyinkorea.go.kr/ko/plan/certifiedUniversity.do#top,,OTHER,2026-08-11
06b66855-95c2-4806-af13-a63fe1522a22,d2_gwangyeok_departments_guide_2025,8a295d32-46dd-43a8-8a9d-b3713251bf1f,GUIDELINE,"2025년_충청북도_외국인정책_지원사업_안내.pdf p.7(사업기간), p.8(대학·학과 목록)",,,data/raw_hwp_to_pdf/2025년_충청북도_외국인정책_지원사업_안내.pdf,,PDF,2026-08-26
91324475-cf76-4e11-8a33-df1026087668,d2_chsu_admissions_guide_2026,8a295d32-46dd-43a8-8a9d-b3713251bf1f,GUIDELINE,충북보건과학대학교_2026학년도_3월_신입생_모집요강.pdf,,2025-12-31,data/raw/광역형_유학비자_D-2/충북보건과학대학교_2026학년도_3월_신입생_모집요강.pdf,51d7e6ab1f2747c6f465d3cd35e47ab7c45627a03c309dec45410137724fe681,PDF,2026-08-26
0c9c791f-f649-469a-a50a-739606e822e7,r08_announcement_2025_4d86b0b9,a228433b-abe4-4785-8496-3e1cb3d597c1,ANNOUNCEMENT,1. 충북 지역특화형 비자 사업 지역우수인재 공고문(2025년 8차).pdf,8,2025-12-18,data/raw/지역특화_우수인재_F-2-R/공고_지침/1. 충북 지역특화형 비자 사업 지역우수인재 공고문(2025년 8차).hwpx,4d86b0b9f70dd2bf9d61c178fd012289b2e6de41103c4a1d2cbb255b1a5208ad,CONVERTED_PDF,2026-08-15
d5d4fcde-09ee-4e90-9ff7-cc11414325bd,r09_announcement_2025~2026_a483f5df,a228433b-abe4-4785-8496-3e1cb3d597c1,ANNOUNCEMENT,1. 충북 지역특화형 비자 사업 지역우수인재 공고문(2025~2026년 9차).pdf,9,2026-01-13,data/raw/지역특화_우수인재_F-2-R/공고_지침/1. 충북 지역특화형 비자 사업 지역우수인재 공고문(2025~2026년 9차).hwpx,a483f5df75d6777958fcc366f0e867cdeb021819ddf71847b6afeecf1b4d34c3,CONVERTED_PDF,2026-08-15
28eb14b5-e390-4d87-9a0c-815bb74dd701,r10_announcement_2026_81bfb577,a228433b-abe4-4785-8496-3e1cb3d597c1,ANNOUNCEMENT,1. 충북 지역특화형 비자 사업 지역우수인재 공고문(2026년 10차).pdf,10,2026-02-09,data/raw/지역특화_우수인재_F-2-R/공고_지침/1. 충북 지역특화형 비자 사업 지역우수인재 공고문(2026년 10차).hwpx,81bfb577640ddde9199eb53fc65038727eab7520f8cd9ea71e751fdfb9074fad,CONVERTED_PDF,2026-08-15
9452954a-fde1-49b3-8f7b-acfdd1605b7c,r11_announcement_2026_8a85727c,a228433b-abe4-4785-8496-3e1cb3d597c1,ANNOUNCEMENT,1. 충북 지역특화형 비자 사업 지역우수인재 공고문(2026년 11차).pdf,11,2026-03-03,data/raw/지역특화_우수인재_F-2-R/공고_지침/1. 충북 지역특화형 비자 사업 지역우수인재 공고문(2026년 11차).hwpx,8a85727c22a7ec35f6d055dd6e190ef4050be6e3e44c97d97c6e916823a5ead2,CONVERTED_PDF,2026-08-15
c45a7a1a-e09d-457b-bf8e-a71ced2605ab,r12_announcement_2026_ab75a6c7,a228433b-abe4-4785-8496-3e1cb3d597c1,ANNOUNCEMENT,1. 충북 지역특화형 비자 사업 지역우수인재 공고문(2026년 12차).pdf,12,2026-04-13,data/raw/지역특화_우수인재_F-2-R/공고_지침/1. 충북 지역특화형 비자 사업 지역우수인재 공고문(2026년 12차).hwpx,ab75a6c7622a3b5126290b43ccb369412115f5e85a0f7090d0d7696f9b9302ea,CONVERTED_PDF,2026-08-15
c600dbf4-7b21-49ea-80e0-5f89c464055c,r13_announcement_2026_905fb908,a228433b-abe4-4785-8496-3e1cb3d597c1,ANNOUNCEMENT,1. 충북 지역특화형 비자 사업 지역우수인재 공고문(2026년 13차).pdf,13,2026-05-12,data/raw/지역특화_우수인재_F-2-R/공고_지침/1. 충북 지역특화형 비자 사업 지역우수인재 공고문(2026년 13차).hwpx,905fb9088ce3a98f09982782f7d54a29573ba3466738ef64693b82c4df8c12c7,CONVERTED_PDF,2026-08-15
aa6c3036-a390-4b03-ba4e-e6b42ee46db6,r14_announcement_2026_57b86220,a228433b-abe4-4785-8496-3e1cb3d597c1,ANNOUNCEMENT,1. 충북 지역특화형 비자 사업 지역우수인재 공고문(2026년 14차).pdf,14,2026-05-26,data/raw/지역특화_우수인재_F-2-R/공고_지침/1. 충북 지역특화형 비자 사업 지역우수인재 공고문(2026년 14차).hwpx,57b862208758ae2c1f2feae8ada09ea4cf39cb710fe7cd625145623c22f31799,CONVERTED_PDF,2026-08-15
5f504305-7039-42b6-b25f-a4ed6263ea31,r15_announcement_2026_ac5296f0,a228433b-abe4-4785-8496-3e1cb3d597c1,ANNOUNCEMENT,1. 충북 지역특화형 비자 사업 지역우수인재 공고문(2026년 15차).pdf,15,2026-06-09,data/raw/지역특화_우수인재_F-2-R/공고_지침/1. 충북 지역특화형 비자 사업 지역우수인재 공고문(2026년 15차).hwpx,ac5296f078d5e98a727def0f26994223d1e6927594d4631785bcfc75d3bc2048,CONVERTED_PDF,2026-08-15
c718963f-577e-413e-9716-1474cda1b125,r16_announcement_2026_0168a48f,a228433b-abe4-4785-8496-3e1cb3d597c1,ANNOUNCEMENT,1. 충북 지역특화형 비자 사업 지역우수인재(F-2-R) 공고문(2026년 16차).pdf,16,2026-07-08,data/raw/지역특화_우수인재_F-2-R/공고_지침/1. 충북 지역특화형 비자 사업 지역우수인재(F-2-R) 공고문(2026년 16차).hwpx,0168a48fb020e186574454a12ec09e6a975c392156c178f4100ce2da06165a65,CONVERTED_PDF,2026-08-15
