criteria_id,visa_id,criteria_name,criteria_type,threshold_value,point_value,condition_group,condition_operator,special_case_note,valid_from,valid_to,source_document,source_page,last_verified_at
a2771955-acff-4f73-aeb7-8b7bb27b20e7,606d8651-1d04-47fe-8f69-165b3ed3d834,신청자격(기존거주자),binary,사업지역으로 선정되기 전 이주하여 해당지역에서 2년 이상 거주하고 있는 외국국적동포,,G1,OR,지자체장 추천 필요.,2025-03-07,2026-09-18,충북_지혁특화형비자사업_외국국적동포_모집공고_12차.pdf p.2,2,2026-08-14
c2be9943-fcfd-4345-8e0a-e75d9f3c1b4b,606d8651-1d04-47fe-8f69-165b3ed3d834,신청자격(국내전입자),binary,"60세 미만 + 비인구감소지역에 거주하다가 사업지역으로 가족(배우자, 자녀)과 동반이주",,G1,OR,지자체장 추천 필요.,2025-03-07,2026-09-18,충북_지혁특화형비자사업_외국국적동포_모집공고_12차.pdf p.2,2,2026-08-14
655680d3-1680-4fce-91dc-7b07fb052d3d,606d8651-1d04-47fe-8f69-165b3ed3d834,신청자격(해외전입자),binary,60세 미만 + 해외에 거주하다가 사업지역으로 가족과 동반이주(사증발급신청 등 첨부서류에 관한 고시 국가 限),,G1,OR,지자체장 추천 필요. 고시 국가 한정 여부는 별도 확인 필요.,2025-03-07,2026-09-18,충북_지혁특화형비자사업_외국국적동포_모집공고_12차.pdf p.2,2,2026-08-14
260878bf-e659-405a-8fdc-ecd0302b0119,606d8651-1d04-47fe-8f69-165b3ed3d834,동반자녀 연령요건,binary,만 6세 이상 19세 미만,,,,"동반자녀 재학요건(원칙/예외, G2)과 AND로 결합 — 연령요건은 대체 경로가 없어 그룹을 두지 않음.",2025-03-07,2026-09-18,충북_지혁특화형비자사업_외국국적동포_모집공고_12차.pdf p.2,2,2026-08-14
816f4899-d4c8-41b1-ab15-a6df1647b5a0,606d8651-1d04-47fe-8f69-165b3ed3d834,동반자녀 재학요건(원칙),binary,추천지역 내 초·중·고에 재학 중이거나 입학 예정,,G2,OR,"동반자녀 재학요건(질병·장애 예외, G2)과 OR. 예외: 폐교·특성화교 진학 등 특수한 사정으로 추천지역 내 재학·입학이 어렵다고 인정되는 경우 광역지역 내 교육기관도 허용(재량판단 — 자동판정 불가, admin_guide_corpus 참고). G1·G2 모두 미충족 시 지역동포가족(F-3-2R)으로 자격 변경.",2025-03-07,2026-09-18,충북_지혁특화형비자사업_외국국적동포_모집공고_12차.pdf p.2,2,2026-08-14
cc01e696-a3a7-45c7-892f-5d499c4bab89,606d8651-1d04-47fe-8f69-165b3ed3d834,동반자녀 재학요건(질병·장애 예외),binary,장기 질병치료 또는 중증 장애 등으로 부득이하게 학교 재학이 어려운 경우,,G2,OR,"동반자녀 재학요건(원칙, G2)과 OR.",2025-03-07,2026-09-18,충북_지혁특화형비자사업_외국국적동포_모집공고_12차.pdf p.2,2,2026-08-14
dbe82f84-8e4c-44a1-b76c-079a2d74576e,606d8651-1d04-47fe-8f69-165b3ed3d834,허가조건(거주지 유지의무),binary,자격변경 후 최소 2년 이상 동반가족과 추천지역 거주,,,,"국내·외 전입자 요건으로 동포 1인 선이주 후 가족 순차이주 시, 2인 이상 가족 이주 시점부터 2년 카운트. 자격변경 후 최초 2년 이내 다른 체류자격으로 변경 불가. 위반 시(① 비추천지역 전출 ② 공부상 거소는 추천지역이나 실거주는 비추천지역 ③ 경제활동을 다른 광역지역에서 하는 경우) 자격취소·기간연장 억제 — 최초 신청 요건이 아니라 승인 후 유지의무이므로 세부 위반 사유 3가지는 이 테이블이 아니라 admin_guide_corpus(위험감지 키워드)로 별도 관리. 본 행은 유지의무 존재 여부만 표기.",2025-03-07,2026-09-18,충북_지혁특화형비자사업_외국국적동포_모집공고_12차.pdf p.3,3,2026-08-14
a5d39492-b577-4df0-ad12-8fdcea634763,606d8651-1d04-47fe-8f69-165b3ed3d834,결격사유(제한기준),binary,"결핵, 마약중독 등 공중위생에 직접적 위해를 끼칠 우려가 있거나 국내 체류가 곤란한 자는 자격변경 제한",,,,그 밖의 사유는 「외국국적동포 업무처리 지침」 재외동포(F-4) 자격부여 제한기준 준용 — 세부 지침 원문은 이 저장소에 없음.,2025-03-07,2026-09-18,충북_지혁특화형비자사업_외국국적동포_모집공고_12차.pdf p.3,3,2026-08-14
b69c5d7a-a111-4bd7-b58d-714b4f8c0e11,606d8651-1d04-47fe-8f69-165b3ed3d834,취업활동 지역 제한,binary,취업(창업)활동은 추천(거주)지역이 속한 광역자치단체 관할 구역 내에서만 가능,,,,"다른 광역자치단체에서 취업활동 시 ① 재외동포(F-4) 자격 취업활동 제한범위 위반으로 사범 처리, ② 지역특화동포(F-4-R) 허가조건 위반으로 체류기간 연장 불허·체류자격 취소 등. 취업 제한범위 비교표(고시 39개/8개 항목)는 사업지역 거주자에게 모두 허용되므로 세부 항목은 admin_guide_corpus 참고, 본 행은 '광역구역 내' 지역 제한만 표기.",2025-03-07,2026-09-18,충북_지혁특화형비자사업_외국국적동포_모집공고_12차.pdf p.3,3,2026-08-14
