record_id,requirement_type,criterion_name,raw_text,value_numeric,value_text,unit,operator,measurement_window_value,measurement_window_unit,condition_group,condition_operator,status,source_document,source_page,source_section,notes
REQ-023,applicant_status,,"- (인구감소지역 특례) 예정 근무처가 인구감소지역일 경우 해당 체류자격      (E-9, E-10, H-2)을 가지고 구직 중이거나 직전 체류자격이 숙련기능인력      (E-7-4, E-7-4R) 인 구직(D-10) 자격 소지자도 허용 
 | <제외대상> | 
 |",,,,,,,G8,,not_checked,충청북도 지역특화형 비자 사업 숙련기능인력(E74R) 공고(2026년 8차)_section0,,자격 요건 > 추천대상,지역 특례(인구감소지역)와 체류자격 조건이 한 문장에 섞여 있어 분류 확인 필요. raw_text 끝에 표 파싱 잔재(<제외대상> 등)가 붙어있어 원문 대조 필요. / PDF에서 일치하는 페이지를 못 찾음(굵은 글씨 누락 가능) - 직접 확인 필요
REQ-095,employment,,"❍ (고용 가능 인원) 내국인 고용인원 규모에 따라 차등적용
내국인* 고용인원 | 최대 고용 가능인원(E-7-4R)
1명~5명 이하 | 3명
6명 이상 50명 이하 | 내국인 고용 인원의 50%
51명 이상 100명 이하 | 내국인 고용 인원의 50% 내 최대 35명
101명 이상 150명 이하 | 40명
151명 이상 | 50명",,,,,,,G25,,not_checked,충청북도 지역특화형 비자 사업 숙련기능인력(E74R) 공고(2026년 8차)_section0,,자격 요건 > 고용기업 및 고용주 요건가. 고용기업 요건,값 후보 여러 개 발견 - 직접 확인 필요 / PDF에서 일치하는 페이지를 못 찾음(굵은 글씨 누락 가능) - 직접 확인 필요
REQ-101,employment,,"- (근속자 특례) 현재 비전문취업(E-9) 또는 선원취업(E-10) 외국인을 고용하고 있는 기업은 내국인 고용인원이 없더라도 현재 근무 중인 외국인(E-9, E-10)이 지역특화형 숙련기능인력(E-7-4R) 전환하는 경우, 인구감소관심지역은 1명*, 인구감소지역은 2명 허용",,,,,,,G26,,not_checked,충청북도 지역특화형 비자 사업 숙련기능인력(E74R) 공고(2026년 8차)_section0,,자격 요건 > 고용기업 및 고용주 요건가. 고용기업 요건,고용 허용인원 특례가 인구감소(관심)지역 여부로 갈리는 조항 - residence로 볼 여지도 있어 확인 필요. / PDF에서 일치하는 페이지를 못 찾음(굵은 글씨 누락 가능) - 직접 확인 필요
REQ-103,employment,,"- (E-7-4와 E-7-4R 동시 고용) 숙련기능인력(E-7-4)과 지역특화형 숙련기능인력(E-7-4R)을 동시에 고용하고 있는 기업은 본 지침의 ‘고용가능인원’ 기준을 적용하되, 인구감소지역 소재 기업 또는 뿌리기업, 농림축산어업체에서 내국인 고용인원이 71명을 초과하는 경우 또는 인구감소(관심)지역에서 내국인 고용인원이 135명 이상인 경우 등 ｢숙련기능인력(E-7-4) 체류관리 지침｣ 적용이 사업장에게 더 유리한 경우 숙련기능인력(E-7-4) 허용인원 기준(내국인 고용인원의 50% 이내) 적용나. 고용주 요건(법무부 조회사항)",,,,,,,G26,,not_checked,충청북도 지역특화형 비자 사업 숙련기능인력(E74R) 공고(2026년 8차)_section0,,자격 요건 > 고용기업 및 고용주 요건가. 고용기업 요건,값 후보 여러 개 발견 - 직접 확인 필요 / PDF에서 일치하는 페이지를 못 찾음(굵은 글씨 누락 가능) - 직접 확인 필요
REQ-104,conduct,,❍ 고용주가 출입국관리법 시행규칙 제17조의3제2항 각호에 해당하지 않을 것,,,,,,,G27,,not_checked,충청북도 지역특화형 비자 사업 숙련기능인력(E74R) 공고(2026년 8차)_section0,,자격 요건 > 고용기업 및 고용주 요건가. 고용기업 요건,"고용주 결격사유 규정으로 conduct 분류했으나, 대상이 신청자가 아닌 고용주라 employment로 볼 여지도 있어 확인 필요. / PDF에서 일치하는 페이지를 못 찾음(굵은 글씨 누락 가능) - 직접 확인 필요"
REQ-105,conduct,,※ 관할 출입국·외국인관서는 ｢외국인 불법고용주 등에 대한 사증발급인정서 발급 등 제한 세부 기준｣ 준용하여 고용주 요건 심사다. 제외 대상,,,,,,,G27,,not_checked,충청북도 지역특화형 비자 사업 숙련기능인력(E74R) 공고(2026년 8차)_section0,8,자격 요건 > 고용기업 및 고용주 요건가. 고용기업 요건,"REQ-104와 같은 그룹(G27)의 절차 설명 - 분류 근거 동일, 확인 필요."
REQ-108,applicant_status,,❍ (체류기간) 최대 2년 1개월 범위 내에서 ‘근로계약기간 + 1개월’ 부여,,,,,,,G30,,not_checked,충청북도 지역특화형 비자 사업 숙련기능인력(E74R) 공고(2026년 8차)_section0,,자격 요건 > 체류허가 사항,체류기간 부여 조건으로 applicant_status 분류했으나 '근로계약기간+1개월' 산정이라 employment로 볼 여지도 있어 확인 필요. / PDF에서 일치하는 페이지를 못 찾음(굵은 글씨 누락 가능) - 직접 확인 필요
