source_file,local_record_id,parent_record_id,review_decision,source_status,target_table,target_record_id,mapping_action,mapping_status,source_document,source_page,source_section,notes
requirements/_review_current_requirements.csv,REQ-001,,excluded,present,none,,exclude,verified,충청북도 지역특화형 비자 사업 숙련기능인력(E74R) 공고(2026년 8차)_section0,1,,실제 파일 이름은 모집공고 8차;이 부분은 본 사업의 목적 정도로 분류하는게 좋을듯
requirements/_review_current_requirements.csv,REQ-002,,excluded,present,none,,exclude,verified,충청북도 지역특화형 비자 사업 숙련기능인력(E74R) 공고(2026년 8차)_section0,1,공고 개요,source_section 그 자체에 해당하는 내용
requirements/_review_current_requirements.csv,REQ-003,,reclassified,present,visa_requirements,,insert,pending_target_id,충청북도 지역특화형 비자 사업 숙련기능인력(E74R) 공고(2026년 8차)_section0,1,공고 개요,"대상 공통 테이블은 확정했으며, UUID 발급 후 target_record_id를 채움."
requirements/_review_current_requirements.csv,REQ-004,,reclassified,present,visa_quota_status,,insert,pending_target_id,충청북도 지역특화형 비자 사업 숙련기능인력(E74R) 공고(2026년 8차)_section0,1,공고 개요,"대상 공통 테이블은 확정했으며, UUID 발급 후 target_record_id를 채움."
requirements/_review_current_requirements.csv,REQ-005,,reclassified,present,visa_quota_status,,insert,pending_target_id,충청북도 지역특화형 비자 사업 숙련기능인력(E74R) 공고(2026년 8차)_section0,1,공고 개요,"대상 공통 테이블은 확정했으며, UUID 발급 후 target_record_id를 채움."
requirements/_review_current_requirements.csv,REQ-006,,reclassified,present,visa_requirements,,insert,pending_target_id,충청북도 지역특화형 비자 사업 숙련기능인력(E74R) 공고(2026년 8차)_section0,1,공고 개요,"대상 공통 테이블은 확정했으며, UUID 발급 후 target_record_id를 채움."
requirements/_review_current_requirements.csv,REQ-007,,reclassified,present,visa_requirements,,insert,pending_target_id,충청북도 지역특화형 비자 사업 숙련기능인력(E74R) 공고(2026년 8차)_section0,1,공고 개요,"대상 공통 테이블은 확정했으며, UUID 발급 후 target_record_id를 채움."
requirements/_review_current_requirements.csv,REQ-008,,reclassified,present,visa_process_stages,,insert,pending_target_id,충청북도 지역특화형 비자 사업 숙련기능인력(E74R) 공고(2026년 8차)_section0,1,공고 개요,"대상 공통 테이블은 확정했으며, UUID 발급 후 target_record_id를 채움."
requirements/_review_current_requirements.csv,REQ-009,,reclassified,present,visa_process_stages,,insert,pending_target_id,충청북도 지역특화형 비자 사업 숙련기능인력(E74R) 공고(2026년 8차)_section0,1,공고 개요,"대상 공통 테이블은 확정했으며, UUID 발급 후 target_record_id를 채움."
requirements/_review_current_requirements.csv,REQ-010,,reclassified,present,visa_process_stages,,insert,pending_target_id,충청북도 지역특화형 비자 사업 숙련기능인력(E74R) 공고(2026년 8차)_section0,1,공고 개요,"대상 공통 테이블은 확정했으며, UUID 발급 후 target_record_id를 채움."
requirements/_review_current_requirements.csv,REQ-011,,reclassified,present,visa_process_stages,,insert,pending_target_id,충청북도 지역특화형 비자 사업 숙련기능인력(E74R) 공고(2026년 8차)_section0,1,공고 개요,"대상 공통 테이블은 확정했으며, UUID 발급 후 target_record_id를 채움."
requirements/_review_current_requirements.csv,REQ-012,,reclassified,present,visa_process_stages,,insert,pending_target_id,충청북도 지역특화형 비자 사업 숙련기능인력(E74R) 공고(2026년 8차)_section0,1,공고 개요,"대상 공통 테이블은 확정했으며, UUID 발급 후 target_record_id를 채움."
requirements/_review_current_requirements.csv,REQ-013,,reclassified,present,visa_process_stages,,insert,pending_target_id,충청북도 지역특화형 비자 사업 숙련기능인력(E74R) 공고(2026년 8차)_section0,1,공고 개요,"대상 공통 테이블은 확정했으며, UUID 발급 후 target_record_id를 채움."
requirements/_review_current_requirements.csv,REQ-014,,reclassified,present,visa_process_stages,,insert,pending_target_id,충청북도 지역특화형 비자 사업 숙련기능인력(E74R) 공고(2026년 8차)_section0,1,공고 개요,"대상 공통 테이블은 확정했으며, UUID 발급 후 target_record_id를 채움."
requirements/_review_current_requirements.csv,REQ-015,,reclassified,present,visa_process_stages,,insert,pending_target_id,충청북도 지역특화형 비자 사업 숙련기능인력(E74R) 공고(2026년 8차)_section0,1,공고 개요,"대상 공통 테이블은 확정했으며, UUID 발급 후 target_record_id를 채움."
requirements/_review_current_requirements.csv,REQ-016,,reclassified,present,visa_process_stages,,insert,pending_target_id,충청북도 지역특화형 비자 사업 숙련기능인력(E74R) 공고(2026년 8차)_section0,1,공고 개요,"대상 공통 테이블은 확정했으며, UUID 발급 후 target_record_id를 채움."
requirements/_review_current_requirements.csv,REQ-017,,reclassified,present,visa_process_stages,,insert,pending_target_id,충청북도 지역특화형 비자 사업 숙련기능인력(E74R) 공고(2026년 8차)_section0,1,공고 개요,"대상 공통 테이블은 확정했으며, UUID 발급 후 target_record_id를 채움."
requirements/_review_current_requirements.csv,REQ-018,,excluded,present,none,,exclude,verified,충청북도 지역특화형 비자 사업 숙련기능인력(E74R) 공고(2026년 8차)_section0,2,추진 체계,"""2 |  | 추진 체계""는 source_section 그 자체에 해당하는 내용;표 형태지만 순서가 있지 않음; 복합 행을 REQ-018-01, REQ-018-02, REQ-018-03, REQ-018-04로 분리함 (추진 체계 표를 절차 단계별 행으로 분리)"
requirements/_review_current_requirements.csv,REQ-018-01,REQ-018,reclassified,present,visa_process_stages,,insert,pending_target_id,충청북도 지역특화형 비자 사업 숙련기능인력(E74R) 공고(2026년 8차)_section0,2,추진 체계,"대상 공통 테이블은 확정했으며, UUID 발급 후 target_record_id를 채움."
requirements/_review_current_requirements.csv,REQ-018-02,REQ-018,reclassified,present,visa_process_stages,,insert,pending_target_id,충청북도 지역특화형 비자 사업 숙련기능인력(E74R) 공고(2026년 8차)_section0,2,추진 체계,"대상 공통 테이블은 확정했으며, UUID 발급 후 target_record_id를 채움."
requirements/_review_current_requirements.csv,REQ-018-03,REQ-018,reclassified,present,visa_process_stages,,insert,pending_target_id,충청북도 지역특화형 비자 사업 숙련기능인력(E74R) 공고(2026년 8차)_section0,2,추진 체계,"대상 공통 테이블은 확정했으며, UUID 발급 후 target_record_id를 채움."
requirements/_review_current_requirements.csv,REQ-018-04,REQ-018,reclassified,present,visa_process_stages,,insert,pending_target_id,충청북도 지역특화형 비자 사업 숙련기능인력(E74R) 공고(2026년 8차)_section0,2,추진 체계,"대상 공통 테이블은 확정했으며, UUID 발급 후 target_record_id를 채움."
requirements/_review_current_requirements.csv,REQ-019,,excluded,present,none,,exclude,verified,충청북도 지역특화형 비자 사업 숙련기능인력(E74R) 공고(2026년 8차)_section0,2,자격 요건,"""3 |  | 자격 요건""는 source_section 그 자체에 해당하는 내용"
requirements/_review_current_requirements.csv,REQ-020,,approved,present,visa_requirement_criteria,,insert,pending_target_id,충청북도 지역특화형 비자 사업 숙련기능인력(E74R) 공고(2026년 8차)_section0,2,자격 요건 > 추천대상,"대상 공통 테이블은 확정했으며, UUID 발급 후 target_record_id를 채움."
requirements/_review_current_requirements.csv,REQ-021,,approved,present,visa_requirement_criteria,,insert,pending_target_id,충청북도 지역특화형 비자 사업 숙련기능인력(E74R) 공고(2026년 8차)_section0,2,자격 요건 > 추천대상,"대상 공통 테이블은 확정했으며, UUID 발급 후 target_record_id를 채움."
requirements/_review_current_requirements.csv,REQ-022,,approved,present,visa_requirement_criteria,,insert,pending_target_id,충청북도 지역특화형 비자 사업 숙련기능인력(E74R) 공고(2026년 8차)_section0,2,자격 요건 > 추천대상,"대상 공통 테이블은 확정했으며, UUID 발급 후 target_record_id를 채움."
requirements/_review_current_requirements.csv,REQ-023,,approved,present,visa_requirement_criteria,,insert,pending_target_id,충청북도 지역특화형 비자 사업 숙련기능인력(E74R) 공고(2026년 8차)_section0,2,자격 요건 > 추천대상 > 제외대상,"대상 공통 테이블은 확정했으며, UUID 발급 후 target_record_id를 채움."
requirements/_review_current_requirements.csv,REQ-024,,approved,present,visa_requirement_criteria,,insert,pending_target_id,충청북도 지역특화형 비자 사업 숙련기능인력(E74R) 공고(2026년 8차)_section0,2,자격 요건 > 추천대상 > 제외대상,"대상 공통 테이블은 확정했으며, UUID 발급 후 target_record_id를 채움."
requirements/_review_current_requirements.csv,REQ-025,,approved,present,visa_requirement_criteria,,insert,pending_target_id,충청북도 지역특화형 비자 사업 숙련기능인력(E74R) 공고(2026년 8차)_section0,2,자격 요건 > 추천대상 > 제외대상,"대상 공통 테이블은 확정했으며, UUID 발급 후 target_record_id를 채움."
requirements/_review_current_requirements.csv,REQ-026,,approved,present,visa_requirement_criteria,,insert,pending_target_id,충청북도 지역특화형 비자 사업 숙련기능인력(E74R) 공고(2026년 8차)_section0,2,자격 요건 > 추천대상 > 제외대상,"대상 공통 테이블은 확정했으며, UUID 발급 후 target_record_id를 채움."
requirements/_review_current_requirements.csv,REQ-027,,approved,present,visa_requirement_criteria,,insert,pending_target_id,충청북도 지역특화형 비자 사업 숙련기능인력(E74R) 공고(2026년 8차)_section0,2,자격 요건 > 추천대상 > 제외대상,"대상 공통 테이블은 확정했으며, UUID 발급 후 target_record_id를 채움."
requirements/_review_current_requirements.csv,REQ-028,,approved,present,visa_requirement_criteria,,insert,pending_target_id,충청북도 지역특화형 비자 사업 숙련기능인력(E74R) 공고(2026년 8차)_section0,2,자격 요건 > 추천대상 > 제외대상,"대상 공통 테이블은 확정했으며, UUID 발급 후 target_record_id를 채움."
requirements/_review_current_requirements.csv,REQ-029,,approved,present,visa_requirement_criteria,,insert,pending_target_id,충청북도 지역특화형 비자 사업 숙련기능인력(E74R) 공고(2026년 8차)_section0,2,자격 요건 > 추천대상 > 제외대상,"대상 공통 테이블은 확정했으며, UUID 발급 후 target_record_id를 채움."
requirements/_review_current_requirements.csv,REQ-030,,excluded,present,none,,exclude,verified,충청북도 지역특화형 비자 사업 숙련기능인력(E74R) 공고(2026년 8차)_section0,2,자격 요건 > 추천대상 > 제외대상,"자격 요건 > 추천대상 > 제외대상 으로 source_section 수정 필요; REQ-030, REQ-031, REQ-032, REQ-033를 하나의 원문 행으로 병합함 (한 줄의 보충 설명이 네 개의 추출 행으로 분리됨)"
requirements/_review_current_requirements.csv,REQ-031,,excluded,present,none,,exclude,verified,충청북도 지역특화형 비자 사업 숙련기능인력(E74R) 공고(2026년 8차)_section0,2,자격 요건 > 추천대상 > 제외대상,자격 요건 > 추천대상 > 제외대상 으로 source_section 수정 필요; REQ-030 대표 행에 병합된 원문 조각 (한 줄의 보충 설명이 네 개의 추출 행으로 분리됨)
requirements/_review_current_requirements.csv,REQ-032,,excluded,present,none,,exclude,verified,충청북도 지역특화형 비자 사업 숙련기능인력(E74R) 공고(2026년 8차)_section0,2,자격 요건 > 추천대상 > 제외대상,자격 요건 > 추천대상 > 제외대상 으로 source_section 수정 필요; REQ-030 대표 행에 병합된 원문 조각 (한 줄의 보충 설명이 네 개의 추출 행으로 분리됨)
requirements/_review_current_requirements.csv,REQ-033,,excluded,present,none,,exclude,verified,충청북도 지역특화형 비자 사업 숙련기능인력(E74R) 공고(2026년 8차)_section0,2,자격 요건 > 추천대상 > 제외대상,자격 요건 > 추천대상 > 제외대상 으로 source_section 수정 필요;REQ-030~REQ-034는 한 문장에 해당함; REQ-030 대표 행에 병합된 원문 조각 (한 줄의 보충 설명이 네 개의 추출 행으로 분리됨)
requirements/_review_current_requirements.csv,REQ-034,,excluded,present,none,,exclude,verified,충청북도 지역특화형 비자 사업 숙련기능인력(E74R) 공고(2026년 8차)_section0,3,자격 요건 > 점수제 심사 > 지역특화 숙련기능인력 점수표 > 기본 항목,원본 HWPX section0 3페이지 대조 완료. 총점 기준과 점수표 표제·본문은 하위 scoring_items 및 SCORE-000으로 분리됨.
requirements/_review_current_requirements.csv,REQ-034-01,REQ-034,excluded,present,none,,exclude,verified,충청북도 지역특화형 비자 사업 숙련기능인력(E74R) 공고(2026년 8차)_section0,3,자격 요건 > 점수제 심사,원본 HWPX section0 3페이지 대조 완료. 지역특화 숙련기능인력 점수표/기본항목 표제 행으로 별도 이관하지 않음.
requirements/_review_current_requirements.csv,REQ-034-02,REQ-034,reclassified,present,scoring_items,SCORE-011,reuse,verified,충청북도 지역특화형 비자 사업 숙련기능인력(E74R) 공고(2026년 8차)_section0,3,자격 요건 > 점수제 심사,기존 B_E-7-4R scoring_items의 동일 점수 항목과 대응함.
requirements/_review_current_requirements.csv,REQ-034-02,REQ-034,reclassified,present,scoring_items,SCORE-012,reuse,verified,충청북도 지역특화형 비자 사업 숙련기능인력(E74R) 공고(2026년 8차)_section0,3,자격 요건 > 점수제 심사,기존 B_E-7-4R scoring_items의 동일 점수 항목과 대응함.
requirements/_review_current_requirements.csv,REQ-034-02,REQ-034,reclassified,present,scoring_items,SCORE-013,reuse,verified,충청북도 지역특화형 비자 사업 숙련기능인력(E74R) 공고(2026년 8차)_section0,3,자격 요건 > 점수제 심사,기존 B_E-7-4R scoring_items의 동일 점수 항목과 대응함.
requirements/_review_current_requirements.csv,REQ-034-02,REQ-034,reclassified,present,scoring_items,SCORE-014,reuse,verified,충청북도 지역특화형 비자 사업 숙련기능인력(E74R) 공고(2026년 8차)_section0,3,자격 요건 > 점수제 심사,기존 B_E-7-4R scoring_items의 동일 점수 항목과 대응함.
requirements/_review_current_requirements.csv,REQ-034-02,REQ-034,reclassified,present,scoring_items,SCORE-015,reuse,verified,충청북도 지역특화형 비자 사업 숙련기능인력(E74R) 공고(2026년 8차)_section0,3,자격 요건 > 점수제 심사,기존 B_E-7-4R scoring_items의 동일 점수 항목과 대응함.
requirements/_review_current_requirements.csv,REQ-034-02,REQ-034,reclassified,present,scoring_items,SCORE-016,reuse,verified,충청북도 지역특화형 비자 사업 숙련기능인력(E74R) 공고(2026년 8차)_section0,3,자격 요건 > 점수제 심사,기존 B_E-7-4R scoring_items의 동일 점수 항목과 대응함.
requirements/_review_current_requirements.csv,REQ-034-03,REQ-034,reclassified,present,scoring_items,SCORE-011,reuse,verified,충청북도 지역특화형 비자 사업 숙련기능인력(E74R) 공고(2026년 8차)_section0,3,자격 요건 > 점수제 심사,기존 B_E-7-4R scoring_items의 동일 점수 항목과 대응함.
requirements/_review_current_requirements.csv,REQ-034-03,REQ-034,reclassified,present,scoring_items,SCORE-012,reuse,verified,충청북도 지역특화형 비자 사업 숙련기능인력(E74R) 공고(2026년 8차)_section0,3,자격 요건 > 점수제 심사,기존 B_E-7-4R scoring_items의 동일 점수 항목과 대응함.
requirements/_review_current_requirements.csv,REQ-034-03,REQ-034,reclassified,present,scoring_items,SCORE-013,reuse,verified,충청북도 지역특화형 비자 사업 숙련기능인력(E74R) 공고(2026년 8차)_section0,3,자격 요건 > 점수제 심사,기존 B_E-7-4R scoring_items의 동일 점수 항목과 대응함.
requirements/_review_current_requirements.csv,REQ-034-03,REQ-034,reclassified,present,scoring_items,SCORE-014,reuse,verified,충청북도 지역특화형 비자 사업 숙련기능인력(E74R) 공고(2026년 8차)_section0,3,자격 요건 > 점수제 심사,기존 B_E-7-4R scoring_items의 동일 점수 항목과 대응함.
requirements/_review_current_requirements.csv,REQ-034-03,REQ-034,reclassified,present,scoring_items,SCORE-015,reuse,verified,충청북도 지역특화형 비자 사업 숙련기능인력(E74R) 공고(2026년 8차)_section0,3,자격 요건 > 점수제 심사,기존 B_E-7-4R scoring_items의 동일 점수 항목과 대응함.
requirements/_review_current_requirements.csv,REQ-034-03,REQ-034,reclassified,present,scoring_items,SCORE-016,reuse,verified,충청북도 지역특화형 비자 사업 숙련기능인력(E74R) 공고(2026년 8차)_section0,3,자격 요건 > 점수제 심사,기존 B_E-7-4R scoring_items의 동일 점수 항목과 대응함.
requirements/_review_current_requirements.csv,REQ-035,,excluded,present,none,,exclude,verified,충청북도 지역특화형 비자 사업 숙련기능인력(E74R) 공고(2026년 8차)_section0,3,자격 요건 > 점수제 심사,"원본 HWPX section0 3페이지 대조 완료. 소득 예외와 한국어능력 표가 결합된 재추출 부모 행으로, 하위 행으로 분리함."
requirements/_review_current_requirements.csv,REQ-035-01,REQ-035,reclassified,present,scoring_items,SCORE-021,reuse,verified,충청북도 지역특화형 비자 사업 숙련기능인력(E74R) 공고(2026년 8차)_section0,3,자격 요건 > 점수제 심사,기존 B_E-7-4R scoring_items의 동일 점수 항목과 대응함.
requirements/_review_current_requirements.csv,REQ-035-01,REQ-035,reclassified,present,scoring_items,SCORE-022,reuse,verified,충청북도 지역특화형 비자 사업 숙련기능인력(E74R) 공고(2026년 8차)_section0,3,자격 요건 > 점수제 심사,기존 B_E-7-4R scoring_items의 동일 점수 항목과 대응함.
requirements/_review_current_requirements.csv,REQ-035-01,REQ-035,reclassified,present,scoring_items,SCORE-023,reuse,verified,충청북도 지역특화형 비자 사업 숙련기능인력(E74R) 공고(2026년 8차)_section0,3,자격 요건 > 점수제 심사,기존 B_E-7-4R scoring_items의 동일 점수 항목과 대응함.
requirements/_review_current_requirements.csv,REQ-036,,excluded,present,none,,exclude,verified,충청북도 지역특화형 비자 사업 숙련기능인력(E74R) 공고(2026년 8차)_section0,3,자격 요건 > 점수제 심사,"< 가점 항목 >은 source_section에 해당함;추천 | 도 가점 항목 안의 내용; 복합 행을 REQ-036-01, REQ-036-02로 분리함 (한국어능력 점수와 나이 점수 표가 하나의 추출 행에 결합되어 있어 분리)"
requirements/_review_current_requirements.csv,REQ-036-01,REQ-036,reclassified,present,scoring_items,,reuse,pending_target_id,충청북도 지역특화형 비자 사업 숙련기능인력(E74R) 공고(2026년 8차)_section0,3,자격 요건 > 점수제 심사 > 지역특화 숙련기능인력 점수표 > 가점 항목,scoring_items 대상은 확정했으나 세부 SCORE-* 대응은 추가 대조 필요.
requirements/_review_current_requirements.csv,REQ-036-02,REQ-036,reclassified,present,scoring_items,,reuse,pending_target_id,충청북도 지역특화형 비자 사업 숙련기능인력(E74R) 공고(2026년 8차)_section0,3,자격 요건 > 점수제 심사 > 지역특화 숙련기능인력 점수표 > 가점 항목,scoring_items 대상은 확정했으나 세부 SCORE-* 대응은 추가 대조 필요.
requirements/_review_current_requirements.csv,REQ-037,,reclassified,present,scoring_items,,reuse,pending_target_id,충청북도 지역특화형 비자 사업 숙련기능인력(E74R) 공고(2026년 8차)_section0,3,자격 요건 > 점수제 심사 > 지역특화 숙련기능인력 점수표 > 가점 항목,scoring_items 대상은 확정했으나 세부 SCORE-* 대응은 추가 대조 필요.
requirements/_review_current_requirements.csv,REQ-038,,reclassified,present,scoring_items,,reuse,pending_target_id,충청북도 지역특화형 비자 사업 숙련기능인력(E74R) 공고(2026년 8차)_section0,3,자격 요건 > 점수제 심사 > 지역특화 숙련기능인력 점수표 > 가점 항목,scoring_items 대상은 확정했으나 세부 SCORE-* 대응은 추가 대조 필요.
requirements/_review_current_requirements.csv,REQ-039,,reclassified,present,scoring_items,,reuse,pending_target_id,충청북도 지역특화형 비자 사업 숙련기능인력(E74R) 공고(2026년 8차)_section0,3,자격 요건 > 점수제 심사 > 지역특화 숙련기능인력 점수표 > 가점 항목,scoring_items 대상은 확정했으나 세부 SCORE-* 대응은 추가 대조 필요.
requirements/_review_current_requirements.csv,REQ-040,,reclassified,present,scoring_items,,reuse,pending_target_id,충청북도 지역특화형 비자 사업 숙련기능인력(E74R) 공고(2026년 8차)_section0,3,자격 요건 > 점수제 심사 > 지역특화 숙련기능인력 점수표 > 가점 항목,scoring_items 대상은 확정했으나 세부 SCORE-* 대응은 추가 대조 필요.
requirements/_review_current_requirements.csv,REQ-041,,reclassified,present,scoring_items,,reuse,pending_target_id,충청북도 지역특화형 비자 사업 숙련기능인력(E74R) 공고(2026년 8차)_section0,3,자격 요건 > 점수제 심사 > 지역특화 숙련기능인력 점수표 > 가점 항목,scoring_items 대상은 확정했으나 세부 SCORE-* 대응은 추가 대조 필요.
requirements/_review_current_requirements.csv,REQ-042,,reclassified,present,scoring_items,,reuse,pending_target_id,충청북도 지역특화형 비자 사업 숙련기능인력(E74R) 공고(2026년 8차)_section0,3,자격 요건 > 점수제 심사 > 지역특화 숙련기능인력 점수표 > 가점 항목,scoring_items 대상은 확정했으나 세부 SCORE-* 대응은 추가 대조 필요.
requirements/_review_current_requirements.csv,REQ-043,,reclassified,present,scoring_items,,reuse,pending_target_id,충청북도 지역특화형 비자 사업 숙련기능인력(E74R) 공고(2026년 8차)_section0,3,자격 요건 > 점수제 심사 > 지역특화 숙련기능인력 점수표 > 가점 항목,scoring_items 대상은 확정했으나 세부 SCORE-* 대응은 추가 대조 필요.
requirements/_review_current_requirements.csv,REQ-044,,reclassified,present,scoring_items,,reuse,pending_target_id,충청북도 지역특화형 비자 사업 숙련기능인력(E74R) 공고(2026년 8차)_section0,3,자격 요건 > 점수제 심사 > 지역특화 숙련기능인력 점수표 > 가점 항목,scoring_items 대상은 확정했으나 세부 SCORE-* 대응은 추가 대조 필요.
requirements/_review_current_requirements.csv,REQ-045,,reclassified,present,scoring_items,,reuse,pending_target_id,충청북도 지역특화형 비자 사업 숙련기능인력(E74R) 공고(2026년 8차)_section0,3,자격 요건 > 점수제 심사 > 지역특화 숙련기능인력 점수표 > 감점 항목,scoring_items 대상은 확정했으나 세부 SCORE-* 대응은 추가 대조 필요.
requirements/_review_current_requirements.csv,REQ-046,,reclassified,present,scoring_items,,reuse,pending_target_id,충청북도 지역특화형 비자 사업 숙련기능인력(E74R) 공고(2026년 8차)_section0,3,자격 요건 > 점수제 심사 > 지역특화 숙련기능인력 점수표 > 감점 항목,scoring_items 대상은 확정했으나 세부 SCORE-* 대응은 추가 대조 필요.
requirements/_review_current_requirements.csv,REQ-047,,reclassified,present,scoring_items,,reuse,pending_target_id,충청북도 지역특화형 비자 사업 숙련기능인력(E74R) 공고(2026년 8차)_section0,3,자격 요건 > 점수제 심사 > 지역특화 숙련기능인력 점수표 > 감점 항목,scoring_items 대상은 확정했으나 세부 SCORE-* 대응은 추가 대조 필요.
requirements/_review_current_requirements.csv,REQ-048,,excluded,present,none,,exclude,verified,충청북도 지역특화형 비자 사업 숙련기능인력(E74R) 공고(2026년 8차)_section0,3-4,자격 요건 > 점수제 심사,"<기본 항목> 가. 소 득 부분은 source_page = 4에 해당하는 영역임.;가. 소득은 다음 행의 source_section으로 들어가야 함.;자격요건 > 점수제 심사 > 지역특화 숙련기능인력 점수표 > 기본 항목 > 가. 소득으로 source_section 수정 필요; 복합 행을 REQ-048-01, REQ-048-02로 분리함 (점수 행과 다음 페이지의 점수표 섹션 제목을 분리)"
requirements/_review_current_requirements.csv,REQ-048-01,REQ-048,reclassified,present,scoring_items,,reuse,pending_target_id,충청북도 지역특화형 비자 사업 숙련기능인력(E74R) 공고(2026년 8차)_section0,3,자격 요건 > 점수제 심사 > 지역특화 숙련기능인력 점수표 > 기본 항목 > 가. 소득,scoring_items 대상은 확정했으나 세부 SCORE-* 대응은 추가 대조 필요.
requirements/_review_current_requirements.csv,REQ-048-02,REQ-048,excluded,present,none,,exclude,verified,충청북도 지역특화형 비자 사업 숙련기능인력(E74R) 공고(2026년 8차)_section0,4,자격 요건 > 점수제 심사 > 지역특화 숙련기능인력 점수표 > 기본 항목 > 가. 소득,"<기본 항목> 가. 소 득 부분은 source_page = 4에 해당하는 영역임.;가. 소득은 다음 행의 source_section으로 들어가야 함.;자격요건 > 점수제 심사 > 지역특화 숙련기능인력 점수표 > 기본 항목 > 가. 소득으로 source_section 수정 필요; 복합 행을 REQ-048-01, REQ-048-02로 분리함 (점수 행과 다음 페이지의 점수표 섹션 제목을 분리); REQ-048에서 파생된 하위 행 (점수 행과 다음 페이지의 점수표 섹션 제목을 분리)"
requirements/_review_current_requirements.csv,REQ-049,,reclassified,present,scoring_items,,reuse,pending_target_id,충청북도 지역특화형 비자 사업 숙련기능인력(E74R) 공고(2026년 8차)_section0,4,자격 요건 > 점수제 심사 > 지역특화 숙련기능인력 점수표 > 기본 항목 > 가. 소득,scoring_items 대상은 확정했으나 세부 SCORE-* 대응은 추가 대조 필요.
requirements/_review_current_requirements.csv,REQ-050,,reclassified,present,scoring_items,,reuse,pending_target_id,충청북도 지역특화형 비자 사업 숙련기능인력(E74R) 공고(2026년 8차)_section0,4,자격 요건 > 점수제 심사 > 지역특화 숙련기능인력 점수표 > 기본 항목 > 가. 소득,scoring_items 대상은 확정했으나 세부 SCORE-* 대응은 추가 대조 필요.
requirements/_review_current_requirements.csv,REQ-051,,reclassified,present,scoring_items,,reuse,pending_target_id,충청북도 지역특화형 비자 사업 숙련기능인력(E74R) 공고(2026년 8차)_section0,4,자격 요건 > 점수제 심사 > 지역특화 숙련기능인력 점수표 > 기본 항목 > 가. 소득,scoring_items 대상은 확정했으나 세부 SCORE-* 대응은 추가 대조 필요.
requirements/_review_current_requirements.csv,REQ-052,,reclassified,present,scoring_items,,reuse,pending_target_id,충청북도 지역특화형 비자 사업 숙련기능인력(E74R) 공고(2026년 8차)_section0,4,자격 요건 > 점수제 심사 > 지역특화 숙련기능인력 점수표 > 기본 항목 > 가. 소득,scoring_items 대상은 확정했으나 세부 SCORE-* 대응은 추가 대조 필요.
requirements/_review_current_requirements.csv,REQ-053,,reclassified,present,scoring_items,,reuse,pending_target_id,충청북도 지역특화형 비자 사업 숙련기능인력(E74R) 공고(2026년 8차)_section0,4,자격 요건 > 점수제 심사 > 지역특화 숙련기능인력 점수표 > 기본 항목 > 나. 한국어 능력,scoring_items 대상은 확정했으나 세부 SCORE-* 대응은 추가 대조 필요.
requirements/_review_current_requirements.csv,REQ-054,,reclassified,present,scoring_items,,reuse,pending_target_id,충청북도 지역특화형 비자 사업 숙련기능인력(E74R) 공고(2026년 8차)_section0,4,자격 요건 > 점수제 심사 > 지역특화 숙련기능인력 점수표 > 기본 항목 > 나. 한국어 능력,scoring_items 대상은 확정했으나 세부 SCORE-* 대응은 추가 대조 필요.
requirements/_review_current_requirements.csv,REQ-055,,reclassified,present,scoring_items,,reuse,pending_target_id,충청북도 지역특화형 비자 사업 숙련기능인력(E74R) 공고(2026년 8차)_section0,4,자격 요건 > 점수제 심사 > 지역특화 숙련기능인력 점수표 > 기본 항목 > 나. 한국어 능력,scoring_items 대상은 확정했으나 세부 SCORE-* 대응은 추가 대조 필요.
requirements/_review_current_requirements.csv,REQ-056,,reclassified,present,scoring_items,,reuse,pending_target_id,충청북도 지역특화형 비자 사업 숙련기능인력(E74R) 공고(2026년 8차)_section0,4,자격 요건 > 점수제 심사 > 지역특화 숙련기능인력 점수표 > 기본 항목 > 나. 한국어 능력,scoring_items 대상은 확정했으나 세부 SCORE-* 대응은 추가 대조 필요.
requirements/_review_current_requirements.csv,REQ-057,,reclassified,present,scoring_items,,reuse,pending_target_id,충청북도 지역특화형 비자 사업 숙련기능인력(E74R) 공고(2026년 8차)_section0,4,자격 요건 > 점수제 심사 > 지역특화 숙련기능인력 점수표 > 기본 항목 > 나. 한국어 능력,scoring_items 대상은 확정했으나 세부 SCORE-* 대응은 추가 대조 필요.
requirements/_review_current_requirements.csv,REQ-058,,reclassified,present,scoring_items,,reuse,pending_target_id,충청북도 지역특화형 비자 사업 숙련기능인력(E74R) 공고(2026년 8차)_section0,4,자격 요건 > 점수제 심사 > 지역특화 숙련기능인력 점수표 > 기본 항목 > 다. 나이,scoring_items 대상은 확정했으나 세부 SCORE-* 대응은 추가 대조 필요.
requirements/_review_current_requirements.csv,REQ-059,,reclassified,present,scoring_items,,reuse,pending_target_id,충청북도 지역특화형 비자 사업 숙련기능인력(E74R) 공고(2026년 8차)_section0,4,자격 요건 > 점수제 심사 > 지역특화 숙련기능인력 점수표 > 기본 항목 > 다. 나이,scoring_items 대상은 확정했으나 세부 SCORE-* 대응은 추가 대조 필요.
requirements/_review_current_requirements.csv,REQ-060,,excluded,present,none,,exclude,verified,충청북도 지역특화형 비자 사업 숙련기능인력(E74R) 공고(2026년 8차)_section0,4-5,자격 요건 > 점수제 심사,"< 가점항목 >가. 고용주 및 지자체 추천(필수항목)은 source_page = 5에 해당하는 영역임;자격요건 > 점수제 심사 > 지역특화 숙련기능인력 점수표 > 가점 항목 > 가. 고용주 및 지자체 추천(필수항목)으로 source_section 수정 필요; 복합 행을 REQ-060-01, REQ-060-02로 분리함 (나이 계산 보충설명과 다음 페이지의 가점 섹션 제목을 분리)"
requirements/_review_current_requirements.csv,REQ-060-01,REQ-060,reclassified,present,scoring_items,,reuse,pending_target_id,충청북도 지역특화형 비자 사업 숙련기능인력(E74R) 공고(2026년 8차)_section0,4,자격 요건 > 점수제 심사 > 지역특화 숙련기능인력 점수표 > 기본 항목 > 다. 나이,scoring_items 대상은 확정했으나 세부 SCORE-* 대응은 추가 대조 필요.
requirements/_review_current_requirements.csv,REQ-060-02,REQ-060,excluded,present,none,,exclude,verified,충청북도 지역특화형 비자 사업 숙련기능인력(E74R) 공고(2026년 8차)_section0,5,자격 요건 > 점수제 심사 > 지역특화 숙련기능인력 점수표 > 가점 항목 > 가. 고용주 및 지자체 추천(필수항목),"< 가점항목 >가. 고용주 및 지자체 추천(필수항목)은 source_page = 5에 해당하는 영역임;자격요건 > 점수제 심사 > 지역특화 숙련기능인력 점수표 > 가점 항목 > 가. 고용주 및 지자체 추천(필수항목)으로 source_section 수정 필요; 복합 행을 REQ-060-01, REQ-060-02로 분리함 (나이 계산 보충설명과 다음 페이지의 가점 섹션 제목을 분리); REQ-060에서 파생된 하위 행 (나이 계산 보충설명과 다음 페이지의 가점 섹션 제목을 분리)"
requirements/_review_current_requirements.csv,REQ-061,,reclassified,present,scoring_items,,reuse,pending_target_id,충청북도 지역특화형 비자 사업 숙련기능인력(E74R) 공고(2026년 8차)_section0,5,자격 요건 > 점수제 심사 > 지역특화 숙련기능인력 점수표 > 가점 항목 > 가. 고용주 및 지자체 추천(필수항목),scoring_items 대상은 확정했으나 세부 SCORE-* 대응은 추가 대조 필요.
requirements/_review_current_requirements.csv,REQ-062,,reclassified,present,scoring_items,,reuse,pending_target_id,충청북도 지역특화형 비자 사업 숙련기능인력(E74R) 공고(2026년 8차)_section0,5,자격 요건 > 점수제 심사 > 지역특화 숙련기능인력 점수표 > 가점 항목 > 가. 고용주 및 지자체 추천(필수항목),scoring_items 대상은 확정했으나 세부 SCORE-* 대응은 추가 대조 필요.
requirements/_review_current_requirements.csv,REQ-063,,reclassified,present,scoring_items,,reuse,pending_target_id,충청북도 지역특화형 비자 사업 숙련기능인력(E74R) 공고(2026년 8차)_section0,5,자격 요건 > 점수제 심사 > 지역특화 숙련기능인력 점수표 > 가점 항목 > 가. 고용주 및 지자체 추천(필수항목),scoring_items 대상은 확정했으나 세부 SCORE-* 대응은 추가 대조 필요.
requirements/_review_current_requirements.csv,REQ-064,,reclassified,present,scoring_items,,reuse,pending_target_id,충청북도 지역특화형 비자 사업 숙련기능인력(E74R) 공고(2026년 8차)_section0,5,자격 요건 > 점수제 심사 > 지역특화 숙련기능인력 점수표 > 가점 항목 > 가. 고용주 및 지자체 추천(필수항목),scoring_items 대상은 확정했으나 세부 SCORE-* 대응은 추가 대조 필요.
requirements/_review_current_requirements.csv,REQ-065,,reclassified,present,scoring_items,,reuse,pending_target_id,충청북도 지역특화형 비자 사업 숙련기능인력(E74R) 공고(2026년 8차)_section0,5,자격 요건 > 점수제 심사 > 지역특화 숙련기능인력 점수표 > 가점 항목 > 가. 고용주 및 지자체 추천(필수항목),scoring_items 대상은 확정했으나 세부 SCORE-* 대응은 추가 대조 필요.
requirements/_review_current_requirements.csv,REQ-066,,reclassified,present,scoring_items,,reuse,pending_target_id,충청북도 지역특화형 비자 사업 숙련기능인력(E74R) 공고(2026년 8차)_section0,5,자격 요건 > 점수제 심사 > 지역특화 숙련기능인력 점수표 > 가점 항목 > 가. 고용주 및 지자체 추천(필수항목),scoring_items 대상은 확정했으나 세부 SCORE-* 대응은 추가 대조 필요.
requirements/_review_current_requirements.csv,REQ-067,,reclassified,present,scoring_items,,reuse,pending_target_id,충청북도 지역특화형 비자 사업 숙련기능인력(E74R) 공고(2026년 8차)_section0,5,자격 요건 > 점수제 심사 > 지역특화 숙련기능인력 점수표 > 가점 항목 > 가. 고용주 및 지자체 추천(필수항목),scoring_items 대상은 확정했으나 세부 SCORE-* 대응은 추가 대조 필요.
requirements/_review_current_requirements.csv,REQ-068,,reclassified,present,scoring_items,,reuse,pending_target_id,충청북도 지역특화형 비자 사업 숙련기능인력(E74R) 공고(2026년 8차)_section0,5,자격 요건 > 점수제 심사 > 지역특화 숙련기능인력 점수표 > 가점 항목 > 가. 고용주 및 지자체 추천(필수항목),scoring_items 대상은 확정했으나 세부 SCORE-* 대응은 추가 대조 필요.
requirements/_review_current_requirements.csv,REQ-069,,reclassified,present,scoring_items,,reuse,pending_target_id,충청북도 지역특화형 비자 사업 숙련기능인력(E74R) 공고(2026년 8차)_section0,5,자격 요건 > 점수제 심사 > 지역특화 숙련기능인력 점수표 > 가점 항목 > 가. 고용주 및 지자체 추천(필수항목),scoring_items 대상은 확정했으나 세부 SCORE-* 대응은 추가 대조 필요.
requirements/_review_current_requirements.csv,REQ-070,,reclassified,present,scoring_items,,reuse,pending_target_id,충청북도 지역특화형 비자 사업 숙련기능인력(E74R) 공고(2026년 8차)_section0,5,자격 요건 > 점수제 심사 > 지역특화 숙련기능인력 점수표 > 가점 항목 > 가. 고용주 및 지자체 추천(필수항목),scoring_items 대상은 확정했으나 세부 SCORE-* 대응은 추가 대조 필요.
requirements/_review_current_requirements.csv,REQ-071,,reclassified,present,scoring_items,,reuse,pending_target_id,충청북도 지역특화형 비자 사업 숙련기능인력(E74R) 공고(2026년 8차)_section0,5,자격 요건 > 점수제 심사 > 지역특화 숙련기능인력 점수표 > 가점 항목 > 가. 고용주 및 지자체 추천(필수항목),scoring_items 대상은 확정했으나 세부 SCORE-* 대응은 추가 대조 필요.
requirements/_review_current_requirements.csv,REQ-072,,reclassified,present,scoring_items,,reuse,pending_target_id,충청북도 지역특화형 비자 사업 숙련기능인력(E74R) 공고(2026년 8차)_section0,5,자격 요건 > 점수제 심사 > 지역특화 숙련기능인력 점수표 > 가점 항목 > 가. 고용주 및 지자체 추천(필수항목),scoring_items 대상은 확정했으나 세부 SCORE-* 대응은 추가 대조 필요.
requirements/_review_current_requirements.csv,REQ-073,,reclassified,present,scoring_items,,reuse,pending_target_id,충청북도 지역특화형 비자 사업 숙련기능인력(E74R) 공고(2026년 8차)_section0,5,자격 요건 > 점수제 심사,scoring_items 대상은 확정했으나 세부 SCORE-* 대응은 추가 대조 필요.
requirements/_review_current_requirements.csv,REQ-074,,reclassified,present,scoring_items,,reuse,pending_target_id,충청북도 지역특화형 비자 사업 숙련기능인력(E74R) 공고(2026년 8차)_section0,5,자격 요건 > 점수제 심사 > 지역특화 숙련기능인력 점수표 > 가점 항목 > 나. 현 근무처 근속,scoring_items 대상은 확정했으나 세부 SCORE-* 대응은 추가 대조 필요.
requirements/_review_current_requirements.csv,REQ-075,,reclassified,present,scoring_items,,reuse,pending_target_id,충청북도 지역특화형 비자 사업 숙련기능인력(E74R) 공고(2026년 8차)_section0,5,자격 요건 > 점수제 심사 > 지역특화 숙련기능인력 점수표 > 가점 항목 > 나. 현 근무처 근속,scoring_items 대상은 확정했으나 세부 SCORE-* 대응은 추가 대조 필요.
requirements/_review_current_requirements.csv,REQ-076,,reclassified,present,scoring_items,,reuse,pending_target_id,충청북도 지역특화형 비자 사업 숙련기능인력(E74R) 공고(2026년 8차)_section0,5,자격 요건 > 점수제 심사 > 지역특화 숙련기능인력 점수표 > 가점 항목 > 나. 현 근무처 근속,scoring_items 대상은 확정했으나 세부 SCORE-* 대응은 추가 대조 필요.
requirements/_review_current_requirements.csv,REQ-077,,excluded,present,none,,exclude,verified,충청북도 지역특화형 비자 사업 숙련기능인력(E74R) 공고(2026년 8차)_section0,5-6,자격 요건 > 점수제 심사,"다. 인구감소지역 등 근무경력 부분은 source_page = 6에 해당.;다. 인구감소지역 등 근무경력은 source_section에 해당; 복합 행을 REQ-077-01, REQ-077-02로 분리함 (근속 보충설명과 다음 점수 항목 제목을 분리)"
requirements/_review_current_requirements.csv,REQ-077-01,REQ-077,approved,present,scoring_items,,reuse,pending_target_id,충청북도 지역특화형 비자 사업 숙련기능인력(E74R) 공고(2026년 8차)_section0,5,자격 요건 > 점수제 심사 > 지역특화 숙련기능인력 점수표 > 가점 항목 > 나. 현 근무처 근속,scoring_items 대상은 확정했으나 세부 SCORE-* 대응은 추가 대조 필요.
requirements/_review_current_requirements.csv,REQ-077-02,REQ-077,excluded,present,none,,exclude,verified,충청북도 지역특화형 비자 사업 숙련기능인력(E74R) 공고(2026년 8차)_section0,6,자격 요건 > 점수제 심사 > 지역특화 숙련기능인력 점수표 > 가점 항목 > 다. 인구감소지역 등 근무경력,"다. 인구감소지역 등 근무경력 부분은 source_page = 6에 해당.;다. 인구감소지역 등 근무경력은 source_section에 해당; 복합 행을 REQ-077-01, REQ-077-02로 분리함 (근속 보충설명과 다음 점수 항목 제목을 분리); REQ-077에서 파생된 하위 행 (근속 보충설명과 다음 점수 항목 제목을 분리)"
requirements/_review_current_requirements.csv,REQ-078,,reclassified,present,scoring_items,,reuse,pending_target_id,충청북도 지역특화형 비자 사업 숙련기능인력(E74R) 공고(2026년 8차)_section0,6,자격 요건 > 점수제 심사 > 지역특화 숙련기능인력 점수표 > 가점 항목 > 다. 인구감소지역 등 근무경력,scoring_items 대상은 확정했으나 세부 SCORE-* 대응은 추가 대조 필요.
requirements/_review_current_requirements.csv,REQ-079,,reclassified,present,scoring_items,,reuse,pending_target_id,충청북도 지역특화형 비자 사업 숙련기능인력(E74R) 공고(2026년 8차)_section0,6,자격 요건 > 점수제 심사 > 지역특화 숙련기능인력 점수표 > 가점 항목 > 라. 자격증 소지,scoring_items 대상은 확정했으나 세부 SCORE-* 대응은 추가 대조 필요.
requirements/_review_current_requirements.csv,REQ-080,,reclassified,present,scoring_items,,reuse,pending_target_id,충청북도 지역특화형 비자 사업 숙련기능인력(E74R) 공고(2026년 8차)_section0,6,자격 요건 > 점수제 심사 > 지역특화 숙련기능인력 점수표 > 가점 항목 > 라. 자격증 소지,scoring_items 대상은 확정했으나 세부 SCORE-* 대응은 추가 대조 필요.
requirements/_review_current_requirements.csv,REQ-081,,reclassified,present,scoring_items,,reuse,pending_target_id,충청북도 지역특화형 비자 사업 숙련기능인력(E74R) 공고(2026년 8차)_section0,6,자격 요건 > 점수제 심사 > 지역특화 숙련기능인력 점수표 > 가점 항목 > 마. 국내대학 학위,scoring_items 대상은 확정했으나 세부 SCORE-* 대응은 추가 대조 필요.
requirements/_review_current_requirements.csv,REQ-082,,reclassified,present,scoring_items,,reuse,pending_target_id,충청북도 지역특화형 비자 사업 숙련기능인력(E74R) 공고(2026년 8차)_section0,6,자격 요건 > 점수제 심사 > 지역특화 숙련기능인력 점수표 > 가점 항목 > 마. 국내대학 학위,scoring_items 대상은 확정했으나 세부 SCORE-* 대응은 추가 대조 필요.
requirements/_review_current_requirements.csv,REQ-083,,reclassified,present,scoring_items,,reuse,pending_target_id,충청북도 지역특화형 비자 사업 숙련기능인력(E74R) 공고(2026년 8차)_section0,6,자격 요건 > 점수제 심사 > 지역특화 숙련기능인력 점수표 > 가점 항목 > 바. 국내 운전면허증,scoring_items 대상은 확정했으나 세부 SCORE-* 대응은 추가 대조 필요.
requirements/_review_current_requirements.csv,REQ-084,,reclassified,present,scoring_items,,reuse,pending_target_id,충청북도 지역특화형 비자 사업 숙련기능인력(E74R) 공고(2026년 8차)_section0,6,자격 요건 > 점수제 심사 > 지역특화 숙련기능인력 점수표 > 가점 항목 > 바. 국내 운전면허증,scoring_items 대상은 확정했으나 세부 SCORE-* 대응은 추가 대조 필요.
requirements/_review_current_requirements.csv,REQ-085,,reclassified,present,scoring_items,,reuse,pending_target_id,충청북도 지역특화형 비자 사업 숙련기능인력(E74R) 공고(2026년 8차)_section0,6,자격 요건 > 점수제 심사 > 지역특화 숙련기능인력 점수표 > 가점 항목 > 바. 국내 운전면허증,scoring_items 대상은 확정했으나 세부 SCORE-* 대응은 추가 대조 필요.
requirements/_review_current_requirements.csv,REQ-086,,reclassified,present,scoring_items,,reuse,pending_target_id,충청북도 지역특화형 비자 사업 숙련기능인력(E74R) 공고(2026년 8차)_section0,6,자격 요건 > 점수제 심사 > 지역특화 숙련기능인력 점수표 > 가점 항목 > 바. 국내 운전면허증,scoring_items 대상은 확정했으나 세부 SCORE-* 대응은 추가 대조 필요.
requirements/_review_current_requirements.csv,REQ-087,,reclassified,present,scoring_items,,reuse,pending_target_id,충청북도 지역특화형 비자 사업 숙련기능인력(E74R) 공고(2026년 8차)_section0,6,자격 요건 > 점수제 심사 > 지역특화 숙련기능인력 점수표 > 감점 항목,scoring_items 대상은 확정했으나 세부 SCORE-* 대응은 추가 대조 필요.
requirements/_review_current_requirements.csv,REQ-088,,reclassified,present,scoring_items,,reuse,pending_target_id,충청북도 지역특화형 비자 사업 숙련기능인력(E74R) 공고(2026년 8차)_section0,6,자격 요건 > 점수제 심사 > 지역특화 숙련기능인력 점수표 > 감점 항목,scoring_items 대상은 확정했으나 세부 SCORE-* 대응은 추가 대조 필요.
requirements/_review_current_requirements.csv,REQ-089,,reclassified,present,scoring_items,,reuse,pending_target_id,충청북도 지역특화형 비자 사업 숙련기능인력(E74R) 공고(2026년 8차)_section0,6,자격 요건 > 점수제 심사 > 지역특화 숙련기능인력 점수표 > 감점 항목,scoring_items 대상은 확정했으나 세부 SCORE-* 대응은 추가 대조 필요.
requirements/_review_current_requirements.csv,REQ-090,,reclassified,present,scoring_items,,reuse,pending_target_id,충청북도 지역특화형 비자 사업 숙련기능인력(E74R) 공고(2026년 8차)_section0,6,자격 요건 > 점수제 심사 > 지역특화 숙련기능인력 점수표 > 감점 항목,scoring_items 대상은 확정했으나 세부 SCORE-* 대응은 추가 대조 필요.
requirements/_review_current_requirements.csv,REQ-091,,reclassified,present,scoring_items,,reuse,pending_target_id,충청북도 지역특화형 비자 사업 숙련기능인력(E74R) 공고(2026년 8차)_section0,6,자격 요건 > 점수제 심사 > 지역특화 숙련기능인력 점수표 > 감점 항목,scoring_items 대상은 확정했으나 세부 SCORE-* 대응은 추가 대조 필요.
requirements/_review_current_requirements.csv,REQ-092,,reclassified,present,scoring_items,,reuse,pending_target_id,충청북도 지역특화형 비자 사업 숙련기능인력(E74R) 공고(2026년 8차)_section0,6,자격 요건 > 점수제 심사 > 지역특화 숙련기능인력 점수표 > 감점 항목,scoring_items 대상은 확정했으나 세부 SCORE-* 대응은 추가 대조 필요.
requirements/_review_current_requirements.csv,REQ-093,,approved,present,visa_requirement_criteria,,insert,pending_target_id,충청북도 지역특화형 비자 사업 숙련기능인력(E74R) 공고(2026년 8차)_section0,7,자격 요건 > 고용기업 및 고용주 요건 > 가. 고용기업 요건,"대상 공통 테이블은 확정했으며, UUID 발급 후 target_record_id를 채움."
requirements/_review_current_requirements.csv,REQ-094,,approved,present,visa_requirement_criteria,,insert,pending_target_id,충청북도 지역특화형 비자 사업 숙련기능인력(E74R) 공고(2026년 8차)_section0,7,자격 요건 > 고용기업 및 고용주 요건 > 가. 고용기업 요건,"대상 공통 테이블은 확정했으며, UUID 발급 후 target_record_id를 채움."
requirements/_review_current_requirements.csv,REQ-095,,excluded,present,none,,exclude,verified,충청북도 지역특화형 비자 사업 숙련기능인력(E74R) 공고(2026년 8차)_section0,7,자격 요건 > 고용기업 및 고용주 요건 > 가. 고용기업 요건,"자격 요건 > 고용기업 및 고용주 요건 > 가. 고용기업 요건으로 source_section 수정 필요; 복합 행을 REQ-095-01, REQ-095-02, REQ-095-03, REQ-095-04, REQ-095-05로 분리함 (고용 가능 인원 구간표를 구간별 자격요건 행으로 분리)"
requirements/_review_current_requirements.csv,REQ-095-01,REQ-095,approved,present,visa_requirement_criteria,,insert,pending_target_id,충청북도 지역특화형 비자 사업 숙련기능인력(E74R) 공고(2026년 8차)_section0,7,자격 요건 > 고용기업 및 고용주 요건 > 가. 고용기업 요건,"대상 공통 테이블은 확정했으며, UUID 발급 후 target_record_id를 채움."
requirements/_review_current_requirements.csv,REQ-095-02,REQ-095,approved,present,visa_requirement_criteria,,insert,pending_target_id,충청북도 지역특화형 비자 사업 숙련기능인력(E74R) 공고(2026년 8차)_section0,7,자격 요건 > 고용기업 및 고용주 요건 > 가. 고용기업 요건,"대상 공통 테이블은 확정했으며, UUID 발급 후 target_record_id를 채움."
requirements/_review_current_requirements.csv,REQ-095-03,REQ-095,approved,present,visa_requirement_criteria,,insert,pending_target_id,충청북도 지역특화형 비자 사업 숙련기능인력(E74R) 공고(2026년 8차)_section0,7,자격 요건 > 고용기업 및 고용주 요건 > 가. 고용기업 요건,"대상 공통 테이블은 확정했으며, UUID 발급 후 target_record_id를 채움."
requirements/_review_current_requirements.csv,REQ-095-04,REQ-095,approved,present,visa_requirement_criteria,,insert,pending_target_id,충청북도 지역특화형 비자 사업 숙련기능인력(E74R) 공고(2026년 8차)_section0,7,자격 요건 > 고용기업 및 고용주 요건 > 가. 고용기업 요건,"대상 공통 테이블은 확정했으며, UUID 발급 후 target_record_id를 채움."
requirements/_review_current_requirements.csv,REQ-095-05,REQ-095,approved,present,visa_requirement_criteria,,insert,pending_target_id,충청북도 지역특화형 비자 사업 숙련기능인력(E74R) 공고(2026년 8차)_section0,7,자격 요건 > 고용기업 및 고용주 요건 > 가. 고용기업 요건,"대상 공통 테이블은 확정했으며, UUID 발급 후 target_record_id를 채움."
requirements/_review_current_requirements.csv,REQ-096,,approved,present,visa_requirement_criteria,,insert,pending_target_id,충청북도 지역특화형 비자 사업 숙련기능인력(E74R) 공고(2026년 8차)_section0,7,자격 요건 > 고용기업 및 고용주 요건 > 가. 고용기업 요건,"대상 공통 테이블은 확정했으며, UUID 발급 후 target_record_id를 채움."
requirements/_review_current_requirements.csv,REQ-097,,approved,present,visa_requirement_criteria,,insert,pending_target_id,충청북도 지역특화형 비자 사업 숙련기능인력(E74R) 공고(2026년 8차)_section0,7,자격 요건 > 고용기업 및 고용주 요건 > 가. 고용기업 요건,"대상 공통 테이블은 확정했으며, UUID 발급 후 target_record_id를 채움."
requirements/_review_current_requirements.csv,REQ-098,,approved,present,visa_requirement_criteria,,insert,pending_target_id,충청북도 지역특화형 비자 사업 숙련기능인력(E74R) 공고(2026년 8차)_section0,7,자격 요건 > 고용기업 및 고용주 요건 > 가. 고용기업 요건,"대상 공통 테이블은 확정했으며, UUID 발급 후 target_record_id를 채움."
requirements/_review_current_requirements.csv,REQ-099,,approved,present,visa_requirement_criteria,,insert,pending_target_id,충청북도 지역특화형 비자 사업 숙련기능인력(E74R) 공고(2026년 8차)_section0,7,자격 요건 > 고용기업 및 고용주 요건 > 가. 고용기업 요건,"대상 공통 테이블은 확정했으며, UUID 발급 후 target_record_id를 채움."
requirements/_review_current_requirements.csv,REQ-100,,approved,present,visa_requirement_criteria,,insert,pending_target_id,충청북도 지역특화형 비자 사업 숙련기능인력(E74R) 공고(2026년 8차)_section0,7,자격 요건 > 고용기업 및 고용주 요건 > 가. 고용기업 요건,"대상 공통 테이블은 확정했으며, UUID 발급 후 target_record_id를 채움."
requirements/_review_current_requirements.csv,REQ-101,,approved,present,visa_requirement_criteria,,insert,pending_target_id,충청북도 지역특화형 비자 사업 숙련기능인력(E74R) 공고(2026년 8차)_section0,7,자격 요건 > 고용기업 및 고용주 요건 > 가. 고용기업 요건,"대상 공통 테이블은 확정했으며, UUID 발급 후 target_record_id를 채움."
requirements/_review_current_requirements.csv,REQ-102,,approved,present,visa_requirement_criteria,,insert,pending_target_id,충청북도 지역특화형 비자 사업 숙련기능인력(E74R) 공고(2026년 8차)_section0,7,자격 요건 > 고용기업 및 고용주 요건 > 가. 고용기업 요건,"대상 공통 테이블은 확정했으며, UUID 발급 후 target_record_id를 채움."
requirements/_review_current_requirements.csv,REQ-103,,excluded,present,none,,exclude,verified,충청북도 지역특화형 비자 사업 숙련기능인력(E74R) 공고(2026년 8차)_section0,7-8,자격 요건 > 고용기업 및 고용주 요건 > 가. 고용기업 요건,"나. 고용주 요건(법무부 조회사항)은 source_page = 8에 해당함. ;나. 고용주 요건(법무부 조회사항)은 다음 행의 source_section에 해당함.; 복합 행을 REQ-103-01, REQ-103-02로 분리함 (고용 조건과 다음 페이지의 고용주 요건 제목을 분리)"
requirements/_review_current_requirements.csv,REQ-103-01,REQ-103,approved,present,visa_requirement_criteria,,insert,pending_target_id,충청북도 지역특화형 비자 사업 숙련기능인력(E74R) 공고(2026년 8차)_section0,7,자격 요건 > 고용기업 및 고용주 요건 > 가. 고용기업 요건,"대상 공통 테이블은 확정했으며, UUID 발급 후 target_record_id를 채움."
requirements/_review_current_requirements.csv,REQ-103-02,REQ-103,excluded,present,none,,exclude,verified,충청북도 지역특화형 비자 사업 숙련기능인력(E74R) 공고(2026년 8차)_section0,8,자격 요건 > 고용기업 및 고용주 요건 > 나. 고용주 요건,"나. 고용주 요건(법무부 조회사항)은 source_page = 8에 해당함. ;나. 고용주 요건(법무부 조회사항)은 다음 행의 source_section에 해당함.; 복합 행을 REQ-103-01, REQ-103-02로 분리함 (고용 조건과 다음 페이지의 고용주 요건 제목을 분리); REQ-103에서 파생된 하위 행 (고용 조건과 다음 페이지의 고용주 요건 제목을 분리)"
requirements/_review_current_requirements.csv,REQ-104,,approved,present,visa_requirement_criteria,,insert,pending_target_id,충청북도 지역특화형 비자 사업 숙련기능인력(E74R) 공고(2026년 8차)_section0,8,자격 요건 > 고용기업 및 고용주 요건 > 나. 고용주 요건,"대상 공통 테이블은 확정했으며, UUID 발급 후 target_record_id를 채움."
requirements/_review_current_requirements.csv,REQ-105,,approved,present,visa_requirement_criteria,,insert,pending_target_id,충청북도 지역특화형 비자 사업 숙련기능인력(E74R) 공고(2026년 8차)_section0,8,자격 요건 > 고용기업 및 고용주 요건 > 나. 고용주 요건,"대상 공통 테이블은 확정했으며, UUID 발급 후 target_record_id를 채움."
requirements/_review_current_requirements.csv,REQ-106,,approved,present,visa_requirement_criteria,,insert,pending_target_id,충청북도 지역특화형 비자 사업 숙련기능인력(E74R) 공고(2026년 8차)_section0,8,자격 요건 > 고용기업 및 고용주 요건 > 다. 제외 대상,"대상 공통 테이블은 확정했으며, UUID 발급 후 target_record_id를 채움."
requirements/_review_current_requirements.csv,REQ-107,,approved,present,visa_requirement_criteria,,insert,pending_target_id,충청북도 지역특화형 비자 사업 숙련기능인력(E74R) 공고(2026년 8차)_section0,8,자격 요건 > 고용기업 및 고용주 요건 > 다. 제외 대상,"대상 공통 테이블은 확정했으며, UUID 발급 후 target_record_id를 채움."
requirements/_review_current_requirements.csv,REQ-108,,approved,present,visa_requirement_criteria,,insert,pending_target_id,충청북도 지역특화형 비자 사업 숙련기능인력(E74R) 공고(2026년 8차)_section0,8,자격 요건 > 체류허가 사항,"대상 공통 테이블은 확정했으며, UUID 발급 후 target_record_id를 채움."
requirements/_review_current_requirements.csv,REQ-109,,approved,present,visa_requirement_criteria,,insert,pending_target_id,충청북도 지역특화형 비자 사업 숙련기능인력(E74R) 공고(2026년 8차)_section0,8,자격 요건 > 체류허가 사항,"대상 공통 테이블은 확정했으며, UUID 발급 후 target_record_id를 채움."
requirements/_review_current_requirements.csv,REQ-110,,approved,present,visa_requirement_criteria,,insert,pending_target_id,충청북도 지역특화형 비자 사업 숙련기능인력(E74R) 공고(2026년 8차)_section0,8,자격 요건 > 체류허가 사항,"대상 공통 테이블은 확정했으며, UUID 발급 후 target_record_id를 채움."
requirements/_review_current_requirements.csv,REQ-111,,excluded,present,none,,exclude,verified,충청북도 지역특화형 비자 사업 숙련기능인력(E74R) 공고(2026년 8차)_section0,9,제출서류,"4 |  | 제출서류 와 <시군 제출 서류>는 source_section에 들어가는게 맞아보임; ""제출 서류 > 시군 제출 서류 > 필수 서류"" 형태로 source_section에 기재"
requirements/_review_current_requirements.csv,REQ-112,,reclassified,present,document_requirements,,insert,pending_target_id,충청북도 지역특화형 비자 사업 숙련기능인력(E74R) 공고(2026년 8차)_section0,9,제출서류 > 필수 서류: 모든 신청자 반드시 제출,"대상 공통 테이블은 확정했으며, UUID 발급 후 target_record_id를 채움."
requirements/_review_current_requirements.csv,REQ-113,,reclassified,present,document_requirements,,insert,pending_target_id,충청북도 지역특화형 비자 사업 숙련기능인력(E74R) 공고(2026년 8차)_section0,9,제출서류 > 필수 서류: 모든 신청자 반드시 제출,"대상 공통 테이블은 확정했으며, UUID 발급 후 target_record_id를 채움."
requirements/_review_current_requirements.csv,REQ-114,,reclassified,present,document_requirements,,insert,pending_target_id,충청북도 지역특화형 비자 사업 숙련기능인력(E74R) 공고(2026년 8차)_section0,9,제출서류 > 추가 서류: 해당자에 한 해 제출,"대상 공통 테이블은 확정했으며, UUID 발급 후 target_record_id를 채움."
requirements/_review_current_requirements.csv,REQ-115,,excluded,present,none,,exclude,verified,충청북도 지역특화형 비자 사업 숙련기능인력(E74R) 공고(2026년 8차)_section0,10,추천서 발급 신청방법 및 결과안내,5 |  | 추천서 발급 신청방법 및 결과안내 는 source_section에 해당
requirements/_review_current_requirements.csv,REQ-116,,reclassified,present,visa_process_stages,,insert,pending_target_id,충청북도 지역특화형 비자 사업 숙련기능인력(E74R) 공고(2026년 8차)_section0,10,추천서 발급 신청방법 및 결과안내,"대상 공통 테이블은 확정했으며, UUID 발급 후 target_record_id를 채움."
requirements/_review_current_requirements.csv,REQ-117,,reclassified,present,visa_process_stages,,insert,pending_target_id,충청북도 지역특화형 비자 사업 숙련기능인력(E74R) 공고(2026년 8차)_section0,10,추천서 발급 신청방법 및 결과안내,"대상 공통 테이블은 확정했으며, UUID 발급 후 target_record_id를 채움."
requirements/_review_current_requirements.csv,REQ-118,,reclassified,present,visa_process_stages,,insert,pending_target_id,충청북도 지역특화형 비자 사업 숙련기능인력(E74R) 공고(2026년 8차)_section0,10,추천서 발급 신청방법 및 결과안내,"대상 공통 테이블은 확정했으며, UUID 발급 후 target_record_id를 채움."
requirements/_review_current_requirements.csv,REQ-119,,reclassified,present,visa_process_stages,,insert,pending_target_id,충청북도 지역특화형 비자 사업 숙련기능인력(E74R) 공고(2026년 8차)_section0,10,추천서 발급 신청방법 및 결과안내,"대상 공통 테이블은 확정했으며, UUID 발급 후 target_record_id를 채움."
requirements/_review_current_requirements.csv,REQ-120,,reclassified,present,visa_process_stages,,insert,pending_target_id,충청북도 지역특화형 비자 사업 숙련기능인력(E74R) 공고(2026년 8차)_section0,10,추천서 발급 신청방법 및 결과안내,"대상 공통 테이블은 확정했으며, UUID 발급 후 target_record_id를 채움."
requirements/_review_current_requirements.csv,REQ-121,,reclassified,present,visa_process_stages,,insert,pending_target_id,충청북도 지역특화형 비자 사업 숙련기능인력(E74R) 공고(2026년 8차)_section0,10,추천서 발급 신청방법 및 결과안내,"대상 공통 테이블은 확정했으며, UUID 발급 후 target_record_id를 채움."
requirements/_review_current_requirements.csv,REQ-122,,excluded,present,none,,exclude,verified,충청북도 지역특화형 비자 사업 숙련기능인력(E74R) 공고(2026년 8차)_section0,10,추천서 발급 신청방법 및 결과안내,제대로 들어감
requirements/_review_current_requirements.csv,REQ-123,,reclassified,present,visa_process_stages,,insert,pending_target_id,충청북도 지역특화형 비자 사업 숙련기능인력(E74R) 공고(2026년 8차)_section0,10,추천서 발급 신청방법 및 결과안내,"대상 공통 테이블은 확정했으며, UUID 발급 후 target_record_id를 채움."
requirements/_review_current_requirements.csv,REQ-124,,reclassified,present,visa_process_stages,,insert,pending_target_id,충청북도 지역특화형 비자 사업 숙련기능인력(E74R) 공고(2026년 8차)_section0,10,추천서 발급 신청방법 및 결과안내,"대상 공통 테이블은 확정했으며, UUID 발급 후 target_record_id를 채움."
requirements/_review_current_requirements.csv,REQ-125,,reclassified,present,visa_process_stages,,insert,pending_target_id,충청북도 지역특화형 비자 사업 숙련기능인력(E74R) 공고(2026년 8차)_section0,10,추천서 발급 신청방법 및 결과안내,"대상 공통 테이블은 확정했으며, UUID 발급 후 target_record_id를 채움."
requirements/_review_current_requirements.csv,REQ-126,,reclassified,present,visa_process_stages,,insert,pending_target_id,충청북도 지역특화형 비자 사업 숙련기능인력(E74R) 공고(2026년 8차)_section0,10,추천서 발급 신청방법 및 결과안내,"대상 공통 테이블은 확정했으며, UUID 발급 후 target_record_id를 채움."
requirements/_review_current_requirements.csv,REQ-127,,excluded,present,none,,exclude,verified,충청북도 지역특화형 비자 사업 숙련기능인력(E74R) 공고(2026년 8차)_section0,11,기타 사항,대제목에 해당.  source_section에 들어가는게 맞을듯
requirements/_review_current_requirements.csv,REQ-128,,reclassified,present,visa_process_stages,,insert,pending_target_id,충청북도 지역특화형 비자 사업 숙련기능인력(E74R) 공고(2026년 8차)_section0,11,기타 사항,"대상 공통 테이블은 확정했으며, UUID 발급 후 target_record_id를 채움."
requirements/_review_current_requirements.csv,REQ-129,,reclassified,present,visa_process_stages,,insert,pending_target_id,충청북도 지역특화형 비자 사업 숙련기능인력(E74R) 공고(2026년 8차)_section0,11,기타 사항,"대상 공통 테이블은 확정했으며, UUID 발급 후 target_record_id를 채움."
requirements/_review_current_requirements.csv,REQ-130,,reclassified,present,visa_process_stages,,insert,pending_target_id,충청북도 지역특화형 비자 사업 숙련기능인력(E74R) 공고(2026년 8차)_section0,11,기타 사항,"대상 공통 테이블은 확정했으며, UUID 발급 후 target_record_id를 채움."
requirements/_review_current_requirements.csv,REQ-131,,approved,present,visa_requirement_criteria,,insert,pending_target_id,충청북도 지역특화형 비자 사업 숙련기능인력(E74R) 공고(2026년 8차)_section0,11,기타 사항,"대상 공통 테이블은 확정했으며, UUID 발급 후 target_record_id를 채움."
requirements/_review_current_requirements.csv,REQ-132,,approved,present,visa_requirement_criteria,,insert,pending_target_id,충청북도 지역특화형 비자 사업 숙련기능인력(E74R) 공고(2026년 8차)_section0,11,기타 사항,"대상 공통 테이블은 확정했으며, UUID 발급 후 target_record_id를 채움."
requirements/_review_current_requirements.csv,REQ-133,,reclassified,present,visa_process_stages,,insert,pending_target_id,충청북도 지역특화형 비자 사업 숙련기능인력(E74R) 공고(2026년 8차)_section0,11,기타 사항,"대상 공통 테이블은 확정했으며, UUID 발급 후 target_record_id를 채움."
requirements/_review_current_requirements.csv,REQ-134,,approved,present,visa_requirement_criteria,,insert,pending_target_id,충청북도 지역특화형 비자 사업 숙련기능인력(E74R) 공고(2026년 8차)_section0,11,기타 사항,"대상 공통 테이블은 확정했으며, UUID 발급 후 target_record_id를 채움."
requirements/_review_current_requirements.csv,REQ-135,,excluded,present,none,,exclude,verified,충청북도 지역특화형 비자 사업 숙련기능인력(E74R) 공고(2026년 8차)_section0,11-12,기타 사항,"[서  식]은 source_page = 12에 해당함.; 복합 행을 REQ-135-01, REQ-135-02로 분리함 (기타 안내 문장과 서식 섹션 제목을 분리)"
requirements/_review_current_requirements.csv,REQ-135-01,REQ-135,approved,present,none,,exclude,verified,충청북도 지역특화형 비자 사업 숙련기능인력(E74R) 공고(2026년 8차)_section0,11,기타 사항,"[서  식]은 source_page = 12에 해당함.; 복합 행을 REQ-135-01, REQ-135-02로 분리함 (기타 안내 문장과 서식 섹션 제목을 분리); REQ-135에서 파생된 하위 행 (기타 안내 문장과 서식 섹션 제목을 분리)"
requirements/_review_current_requirements.csv,REQ-135-02,REQ-135,approved,present,none,,exclude,verified,충청북도 지역특화형 비자 사업 숙련기능인력(E74R) 공고(2026년 8차)_section0,12,기타 사항,"[서  식]은 source_page = 12에 해당함.; 복합 행을 REQ-135-01, REQ-135-02로 분리함 (기타 안내 문장과 서식 섹션 제목을 분리); REQ-135에서 파생된 하위 행 (기타 안내 문장과 서식 섹션 제목을 분리)"
history/change_history.csv,CHG-001,,reclassified,present,change_history,,insert,pending_target_id,공고(2026년 1차).pdf → 공고(2026년 2차).pdf,7→7,3. 자격 요건 > 고용기업 및 고용주 요건 > 고용 가능 인원 산정 기준,change_history.csv:CHG-001 old_value/new_value; 공통 UUID/FK 발급 전 의미 매핑 완료
history/change_history.csv,CHG-002,,reclassified,present,change_history,,insert,pending_target_id,공고(2026년 1차).pdf → 공고(2026년 2차).pdf,7→7,3. 자격 요건 > 체류허가 사항 > 체류기간,change_history.csv:CHG-002 old_value/new_value; 공통 UUID/FK 발급 전 의미 매핑 완료
history/change_history.csv,CHG-003,,reclassified,present,change_history,,insert,pending_target_id,공고(2026년 1차).pdf → 공고(2026년 2차).pdf,7→7,3. 자격 요건 > 체류허가 사항 > 허가조건,change_history.csv:CHG-003 old_value/new_value; 공통 UUID/FK 발급 전 의미 매핑 완료
history/change_history.csv,CHG-004,,reclassified,present,change_history,,insert,pending_target_id,공고(2026년 1차).pdf → 공고(2026년 2차).pdf,7→7,3. 자격 요건 > 고용주 요건,change_history.csv:CHG-004 old_value/new_value; 공통 UUID/FK 발급 전 의미 매핑 완료
history/change_history.csv,CHG-005,,reclassified,present,change_history,,insert,pending_target_id,공고(2026년 1차).pdf → 공고(2026년 2차).pdf,21→21,서식8 > 광역지자체장 추천서,change_history.csv:CHG-005 old_value/new_value; 공통 UUID/FK 발급 전 의미 매핑 완료
history/change_history.csv,CHG-006,,reclassified,present,change_history,,insert,pending_target_id,공고(2026년 1차).pdf → 공고(2026년 2차).pdf,→15,서식3 > 점수제 자체 심사표 > 기본요건,change_history.csv:CHG-006 old_value/new_value; 공통 UUID/FK 발급 전 의미 매핑 완료
history/change_history.csv,CHG-007,,reclassified,present,change_history,,insert,pending_target_id,공고(2026년 4차).pdf → 공고(2026년 5차).pdf,→8,4. 제출서류 > 시군 제출 서류 > 필수 서류,change_history.csv:CHG-007 old_value/new_value; 공통 UUID/FK 발급 전 의미 매핑 완료
history/change_history.csv,CHG-008,,reclassified,present,change_history,,insert,pending_target_id,공고(2026년 7차).pdf → 공고(2026년 8차).pdf,2→2,3. 자격 요건 > 추천대상 > 제외대상,change_history.csv:CHG-008 old_value/new_value; 본문 300만원 기준 적용 및 서식3 잔존 문구 기록
history/change_history.csv,CHG-009,,reclassified,present,change_history,,insert,pending_target_id,공고(2026년 7차).pdf → 공고(2026년 8차).pdf,3→3,3. 자격 요건 > 점수제 심사 > 감점 항목,change_history.csv:CHG-009 old_value/new_value; 본문 300만원 기준 적용 및 서식3 잔존 문구 기록
history/change_history.csv,CHG-010,,reclassified,present,change_history,,insert,pending_target_id,공고(2026년 7차).pdf → 공고(2026년 8차).pdf,3→3,3. 자격 요건 > 점수제 심사 > 감점 항목 및 감점 기준 각주,change_history.csv:CHG-010 old_value/new_value; 공통 UUID/FK 발급 전 의미 매핑 완료
history/change_history.csv,CHG-011,,reclassified,present,change_history,,insert,pending_target_id,공고(2026년 7차).pdf → 공고(2026년 8차).pdf,7→8,3. 자격 요건 > 고용기업 요건 > 근속자 특례,change_history.csv:CHG-011 old_value/new_value; 공통 UUID/FK 발급 전 의미 매핑 완료
history/change_history.csv,CHG-012,,reclassified,present,change_history,,insert,pending_target_id,공고(2026년 7차).pdf → 공고(2026년 8차).pdf,→8,3. 자격 요건 > 고용기업 요건 > E-7-4/E-7-4R 동시 고용 특례,change_history.csv:CHG-012 old_value/new_value; 공통 UUID/FK 발급 전 의미 매핑 완료
history/change_history.csv,CHG-013,,reclassified,present,change_history,,insert,pending_target_id,공고(2026년 2차).pdf → 공고(2026년 3차).pdf,1→1,공고 개요 > 모집규모,change_history.csv:CHG-013 old_value/new_value; 공통 UUID/FK 발급 전 의미 매핑 완료
history/change_history.csv,CHG-014,,reclassified,present,change_history,,insert,pending_target_id,공고(2026년 3차).pdf → 공고(2026년 4차).pdf,1→1,공고 개요 > 모집규모,change_history.csv:CHG-014 old_value/new_value; 공통 UUID/FK 발급 전 의미 매핑 완료
history/change_history.csv,CHG-015,,reclassified,present,change_history,,insert,pending_target_id,공고(2026년 5차).pdf → 공고(2026년 6차).pdf,1→1,공고 개요 > 모집규모,change_history.csv:CHG-015 old_value/new_value; 공통 UUID/FK 발급 전 의미 매핑 완료
history/change_history.csv,CHG-016,,reclassified,present,change_history,,insert,pending_target_id,공고(2026년 6차).pdf → 공고(2026년 7차).pdf,1→1,공고 개요 > 모집규모,change_history.csv:CHG-016 old_value/new_value; 공통 UUID/FK 발급 전 의미 매핑 완료
history/change_history.csv,CHG-017,,reclassified,present,change_history,,insert,pending_target_id,공고(2026년 7차).pdf → 공고(2026년 8차).pdf,1→1,공고 개요 > 모집규모,change_history.csv:CHG-017 old_value/new_value; 공통 UUID/FK 발급 전 의미 매핑 완료
