mapping_id,visa_id,source_table,source_row_id,source_group_id,source_group_path,target_table,target_row_id,mapping_action,target_condition_group,target_condition_operator,source_document_id,source_document_name,source_page,source_page_basis,page_mapping_method,valid_from,valid_to,validity_mapping_method,mapping_status,blocking_reason,recommended_destination,mapping_note
9b5cc3a6-104d-599c-9011-75475f2e05c0,78dca2d7-f771-553a-b788-46c9ff56d633,visa_requirements.csv,78dca2d7-f771-553a-b788-46c9ff56d633,,,visa_requirements.csv,78dca2d7-f771-553a-b788-46c9ff56d633,transform,,,r17_announcement_2026_df1fdde9,1. 충북 지역특화형 비자 사업 지역우수인재(F-2-R) 공고문(2026년 17차).pdf,1,converted_pdf_page,manual_verified_section_page,2025-03-07,2026-09-18,source_application_period,ready,,visa_requirements.csv,"visa_id는 재사용한다. program_type은 REGIONAL_SPECIALIZED, target_regions_json은 | 구분 target_region, 17차 total_quota=311과 quota_type=LIMITED로 변환한다."
793b157d-210d-5446-bdb8-f742b635d0aa,78dca2d7-f771-553a-b788-46c9ff56d633,visa_requirement_criteria.csv,2a9238b5-4aa5-582a-953a-ee817ffa34c8,b5596868-2ac9-5b69-a226-f99d353ef26b,root > applicant_status > e74_path,visa_requirement_criteria.csv,,manual_review,,,r17_announcement_2026_df1fdde9,1. 충북 지역특화형 비자 사업 지역우수인재(F-2-R) 공고문(2026년 17차).pdf,3,converted_pdf_page,manual_verified_criteria_page_rule,2025-03-07,2026-09-18,inherited_master_application_period,blocked,flat_schema_cannot_represent_nested_and_or,visa_requirement_criteria.csv after schema/team decision,중첩 AND/OR 원식을 평탄화하면 필수조건이 누락되므로 이관을 차단한다.
4aeeea63-90e7-53ed-b12d-e7c39071e823,78dca2d7-f771-553a-b788-46c9ff56d633,visa_requirement_criteria.csv,e6d7166a-7ebe-5c9b-bc60-0131d276d9d5,e83cb691-3147-52cc-9d0a-3371e0d57dd4,root > applicant_status > e74_path > e74_status_options,visa_requirement_criteria.csv,,manual_review,,,r17_announcement_2026_df1fdde9,1. 충북 지역특화형 비자 사업 지역우수인재(F-2-R) 공고문(2026년 17차).pdf,3,converted_pdf_page,manual_verified_criteria_page_rule,2025-03-07,2026-09-18,inherited_master_application_period,blocked,flat_schema_cannot_represent_nested_and_or,visa_requirement_criteria.csv after schema/team decision,중첩 AND/OR 원식을 평탄화하면 필수조건이 누락되므로 이관을 차단한다.
a9ec921d-47ff-5110-9fbc-3d4c4aadf4eb,78dca2d7-f771-553a-b788-46c9ff56d633,visa_requirement_criteria.csv,e9aba827-5cda-5bdc-a82b-055fe7ccd15a,e83cb691-3147-52cc-9d0a-3371e0d57dd4,root > applicant_status > e74_path > e74_status_options,visa_requirement_criteria.csv,,manual_review,,,r17_announcement_2026_df1fdde9,1. 충북 지역특화형 비자 사업 지역우수인재(F-2-R) 공고문(2026년 17차).pdf,3,converted_pdf_page,manual_verified_criteria_page_rule,2025-03-07,2026-09-18,inherited_master_application_period,blocked,flat_schema_cannot_represent_nested_and_or,visa_requirement_criteria.csv after schema/team decision,중첩 AND/OR 원식을 평탄화하면 필수조건이 누락되므로 이관을 차단한다.
3afd4825-258c-5756-b447-0967868146b6,78dca2d7-f771-553a-b788-46c9ff56d633,visa_requirement_criteria.csv,02666ce3-947e-540d-b86f-7a80fe14d699,e83cb691-3147-52cc-9d0a-3371e0d57dd4,root > applicant_status > e74_path > e74_status_options,visa_requirement_criteria.csv,,manual_review,,,r17_announcement_2026_df1fdde9,1. 충북 지역특화형 비자 사업 지역우수인재(F-2-R) 공고문(2026년 17차).pdf,3,converted_pdf_page,manual_verified_criteria_page_rule,2025-03-07,2026-09-18,inherited_master_application_period,blocked,flat_schema_cannot_represent_nested_and_or,visa_requirement_criteria.csv after schema/team decision,중첩 AND/OR 원식을 평탄화하면 필수조건이 누락되므로 이관을 차단한다.
791b8765-79e2-5ca1-afcf-ffd285e44ffa,78dca2d7-f771-553a-b788-46c9ff56d633,visa_requirement_criteria.csv,b7f5658e-efdf-55e6-a7cf-44f4224711e3,7f3ab7dc-0d1f-5a35-bc0c-8450c8aa79e4,root > applicant_status > e74r_path,visa_requirement_criteria.csv,,manual_review,,,r17_announcement_2026_df1fdde9,1. 충북 지역특화형 비자 사업 지역우수인재(F-2-R) 공고문(2026년 17차).pdf,3,converted_pdf_page,manual_verified_criteria_page_rule,2025-03-07,2026-09-18,inherited_master_application_period,blocked,flat_schema_cannot_represent_nested_and_or,visa_requirement_criteria.csv after schema/team decision,중첩 AND/OR 원식을 평탄화하면 필수조건이 누락되므로 이관을 차단한다.
71294c7c-ed3d-53fb-8019-2055472c24f5,78dca2d7-f771-553a-b788-46c9ff56d633,visa_requirement_criteria.csv,ed8afd67-76fe-5003-adb9-e746cdf66194,7f3ab7dc-0d1f-5a35-bc0c-8450c8aa79e4,root > applicant_status > e74r_path,visa_requirement_criteria.csv,,manual_review,,,r17_announcement_2026_df1fdde9,1. 충북 지역특화형 비자 사업 지역우수인재(F-2-R) 공고문(2026년 17차).pdf,3,converted_pdf_page,manual_verified_criteria_page_rule,2025-03-07,2026-09-18,inherited_master_application_period,blocked,flat_schema_cannot_represent_nested_and_or,visa_requirement_criteria.csv after schema/team decision,중첩 AND/OR 원식을 평탄화하면 필수조건이 누락되므로 이관을 차단한다.
bb2707de-c810-5a71-b231-b8ad5c5df89e,78dca2d7-f771-553a-b788-46c9ff56d633,visa_requirement_criteria.csv,e52f2814-b5b5-5bd2-9f10-0f30b25662cd,e559bcd4-1e45-5970-9061-05c5bcd44686,root > education_or_income > education_path > education_degree_status,visa_requirement_criteria.csv,,manual_review,,,r17_announcement_2026_df1fdde9,1. 충북 지역특화형 비자 사업 지역우수인재(F-2-R) 공고문(2026년 17차).pdf,3,converted_pdf_page,manual_verified_criteria_page_rule,2025-03-07,2026-09-18,inherited_master_application_period,blocked,flat_schema_cannot_represent_nested_and_or,visa_requirement_criteria.csv after schema/team decision,중첩 AND/OR 원식을 평탄화하면 필수조건이 누락되므로 이관을 차단한다.
d7474f21-47a3-52cd-85b5-7892da49b1f7,78dca2d7-f771-553a-b788-46c9ff56d633,visa_requirement_criteria.csv,9b1688a1-763b-54da-95ef-38d3cb326797,e255047c-e033-56a3-9109-d86c453dd0b7,root > education_or_income > education_path,visa_requirement_criteria.csv,,manual_review,,,r17_announcement_2026_df1fdde9,1. 충북 지역특화형 비자 사업 지역우수인재(F-2-R) 공고문(2026년 17차).pdf,3,converted_pdf_page,manual_verified_criteria_page_rule,2025-03-07,2026-09-18,inherited_master_application_period,blocked,flat_schema_cannot_represent_nested_and_or,visa_requirement_criteria.csv after schema/team decision,중첩 AND/OR 원식을 평탄화하면 필수조건이 누락되므로 이관을 차단한다.
c6a9d992-377b-594f-99c1-4c37360d5d2f,78dca2d7-f771-553a-b788-46c9ff56d633,visa_requirement_criteria.csv,33f0eed5-5231-5802-b743-0e6c7f635b91,ccd2a111-2d61-510b-9189-88c826bdc9a4,root > education_or_income > education_path > education_degree_status > education_expected_path,visa_requirement_criteria.csv,,manual_review,,,r17_announcement_2026_df1fdde9,1. 충북 지역특화형 비자 사업 지역우수인재(F-2-R) 공고문(2026년 17차).pdf,3,converted_pdf_page,manual_verified_criteria_page_rule,2025-03-07,2026-09-18,inherited_master_application_period,blocked,flat_schema_cannot_represent_nested_and_or,visa_requirement_criteria.csv after schema/team decision,중첩 AND/OR 원식을 평탄화하면 필수조건이 누락되므로 이관을 차단한다.
0b2ae2a2-c6e9-57cf-bb98-e97661621e36,78dca2d7-f771-553a-b788-46c9ff56d633,visa_requirement_criteria.csv,f565e333-063e-5873-bba6-2576093b0698,ccd2a111-2d61-510b-9189-88c826bdc9a4,root > education_or_income > education_path > education_degree_status > education_expected_path,visa_requirement_criteria.csv,,manual_review,,,r17_announcement_2026_df1fdde9,1. 충북 지역특화형 비자 사업 지역우수인재(F-2-R) 공고문(2026년 17차).pdf,3,converted_pdf_page,manual_verified_criteria_page_rule,2025-03-07,2026-09-18,inherited_master_application_period,blocked,flat_schema_cannot_represent_nested_and_or,visa_requirement_criteria.csv after schema/team decision,중첩 AND/OR 원식을 평탄화하면 필수조건이 누락되므로 이관을 차단한다.
9d7dffef-e8f5-5131-8ba2-9014526d2eed,78dca2d7-f771-553a-b788-46c9ff56d633,visa_requirement_criteria.csv,3d482d2f-83a6-542f-bf97-06cf466d4df2,d22ad9c0-b472-5c49-a135-67d0b2fc434a,root > education_or_income > income_path,visa_requirement_criteria.csv,,manual_review,,,r17_announcement_2026_df1fdde9,1. 충북 지역특화형 비자 사업 지역우수인재(F-2-R) 공고문(2026년 17차).pdf,4,converted_pdf_page,manual_verified_criteria_page_rule,2026-01-01,2026-09-18,source_row_interval,blocked,flat_schema_cannot_represent_nested_and_or,visa_requirement_criteria.csv after schema/team decision,중첩 AND/OR 원식을 평탄화하면 필수조건이 누락되므로 이관을 차단한다.
43326d87-2119-5b1e-a1f0-8705a77713b3,78dca2d7-f771-553a-b788-46c9ff56d633,visa_requirement_criteria.csv,f3fcd8d6-afcc-5018-ac81-759c6339984e,d22ad9c0-b472-5c49-a135-67d0b2fc434a,root > education_or_income > income_path,visa_requirement_criteria.csv,,manual_review,,,r17_announcement_2026_df1fdde9,1. 충북 지역특화형 비자 사업 지역우수인재(F-2-R) 공고문(2026년 17차).pdf,4,converted_pdf_page,manual_verified_criteria_page_rule,2025-03-07,2026-09-18,inherited_master_application_period,blocked,flat_schema_cannot_represent_nested_and_or,visa_requirement_criteria.csv after schema/team decision,중첩 AND/OR 원식을 평탄화하면 필수조건이 누락되므로 이관을 차단한다.
056e3d68-2c86-5e44-a6d7-61184c075b46,78dca2d7-f771-553a-b788-46c9ff56d633,visa_requirement_criteria.csv,f33dcad1-df03-5a50-bd3e-dd464d12a6a5,d22ad9c0-b472-5c49-a135-67d0b2fc434a,root > education_or_income > income_path,visa_requirement_criteria.csv,,manual_review,,,r17_announcement_2026_df1fdde9,1. 충북 지역특화형 비자 사업 지역우수인재(F-2-R) 공고문(2026년 17차).pdf,4,converted_pdf_page,manual_verified_criteria_page_rule,2025-03-07,2026-09-18,inherited_master_application_period,blocked,flat_schema_cannot_represent_nested_and_or,visa_requirement_criteria.csv after schema/team decision,중첩 AND/OR 원식을 평탄화하면 필수조건이 누락되므로 이관을 차단한다.
30c0226c-145c-5592-afe8-905c84395264,78dca2d7-f771-553a-b788-46c9ff56d633,visa_requirement_criteria.csv,b38b821c-ddb6-5334-9b4d-80507f04e7c0,d22ad9c0-b472-5c49-a135-67d0b2fc434a,root > education_or_income > income_path,visa_requirement_criteria.csv,,manual_review,,,r17_announcement_2026_df1fdde9,1. 충북 지역특화형 비자 사업 지역우수인재(F-2-R) 공고문(2026년 17차).pdf,4,converted_pdf_page,manual_verified_criteria_page_rule,2025-03-07,2026-09-18,inherited_master_application_period,blocked,flat_schema_cannot_represent_nested_and_or,visa_requirement_criteria.csv after schema/team decision,중첩 AND/OR 원식을 평탄화하면 필수조건이 누락되므로 이관을 차단한다.
b9dd3003-4b55-5908-90fe-c084b89f74e7,78dca2d7-f771-553a-b788-46c9ff56d633,visa_requirement_criteria.csv,89209af0-00ac-5d71-95ef-12bb47332b74,3641ad2c-2523-5aa4-ac30-59af0786c6f5,root > residence,visa_requirement_criteria.csv,251ec1d3-af11-4063-9589-ad35d8cdb62a,direct,,,r17_announcement_2026_df1fdde9,1. 충북 지역특화형 비자 사업 지역우수인재(F-2-R) 공고문(2026년 17차).pdf,4,converted_pdf_page,manual_verified_criteria_page_rule,2025-03-07,2026-09-18,inherited_master_application_period,ready,,visa_requirement_criteria.csv,그룹 없는 행으로 두어 다른 자격요건과 AND로 결합한다.
36458d10-4350-5317-a92d-5bb71fb3ce9e,78dca2d7-f771-553a-b788-46c9ff56d633,visa_requirement_criteria.csv,270746fe-770b-5419-a392-c6f75bf24fe1,3641ad2c-2523-5aa4-ac30-59af0786c6f5,root > residence,visa_requirement_criteria.csv,e9747115-8c16-4d26-8298-b1af69cd3724,direct,,,r17_announcement_2026_df1fdde9,1. 충북 지역특화형 비자 사업 지역우수인재(F-2-R) 공고문(2026년 17차).pdf,4,converted_pdf_page,manual_verified_criteria_page_rule,2025-03-07,2026-09-18,inherited_master_application_period,ready,,visa_requirement_criteria.csv,그룹 없는 행으로 두어 다른 자격요건과 AND로 결합한다.
19a724fe-c404-5037-8f09-bfe92a2f73eb,78dca2d7-f771-553a-b788-46c9ff56d633,visa_requirement_criteria.csv,c843fa0b-2249-5202-a9e6-819c7bd536a2,3641ad2c-2523-5aa4-ac30-59af0786c6f5,root > residence,visa_requirement_criteria.csv,6da1730c-45a4-4638-b159-7ffe3b79e970,direct,,,r17_announcement_2026_df1fdde9,1. 충북 지역특화형 비자 사업 지역우수인재(F-2-R) 공고문(2026년 17차).pdf,4,converted_pdf_page,manual_verified_criteria_page_rule,2025-03-07,2026-09-18,inherited_master_application_period,ready,,visa_requirement_criteria.csv,그룹 없는 행으로 두어 다른 자격요건과 AND로 결합한다.
ef99217b-cf09-5c19-8cd0-24fc6a96424b,78dca2d7-f771-553a-b788-46c9ff56d633,visa_requirement_criteria.csv,b10ef77f-ea4c-5aa5-8f73-df866773d28a,9696027e-21c2-5549-97e5-1fd1a873b5a7,root > economic_activity > employment,visa_requirement_criteria.csv,,manual_review,,,r17_announcement_2026_df1fdde9,1. 충북 지역특화형 비자 사업 지역우수인재(F-2-R) 공고문(2026년 17차).pdf,5,converted_pdf_page,manual_verified_criteria_page_rule,2025-03-07,2026-09-18,inherited_master_application_period,blocked,flat_schema_cannot_represent_nested_and_or,visa_requirement_criteria.csv after schema/team decision,중첩 AND/OR 원식을 평탄화하면 필수조건이 누락되므로 이관을 차단한다.
4d65008c-c3f3-5faf-9dd3-9f5744d9c4ef,78dca2d7-f771-553a-b788-46c9ff56d633,visa_requirement_criteria.csv,f1a32361-3f23-557f-bd10-c4ea7095b163,9696027e-21c2-5549-97e5-1fd1a873b5a7,root > economic_activity > employment,visa_requirement_criteria.csv,,manual_review,,,r17_announcement_2026_df1fdde9,1. 충북 지역특화형 비자 사업 지역우수인재(F-2-R) 공고문(2026년 17차).pdf,5,converted_pdf_page,manual_verified_criteria_page_rule,2026-01-01,2026-09-18,source_row_interval,blocked,flat_schema_cannot_represent_nested_and_or,visa_requirement_criteria.csv after schema/team decision,중첩 AND/OR 원식을 평탄화하면 필수조건이 누락되므로 이관을 차단한다.
c7b1aa35-612a-5b95-a6fc-d8382e511a82,78dca2d7-f771-553a-b788-46c9ff56d633,visa_requirement_criteria.csv,4c4efe99-a839-57e8-a002-595dfe9a2abd,9696027e-21c2-5549-97e5-1fd1a873b5a7,root > economic_activity > employment,visa_requirement_criteria.csv,,manual_review,,,r17_announcement_2026_df1fdde9,1. 충북 지역특화형 비자 사업 지역우수인재(F-2-R) 공고문(2026년 17차).pdf,5,converted_pdf_page,manual_verified_criteria_page_rule,2025-03-07,2026-09-18,inherited_master_application_period,blocked,flat_schema_cannot_represent_nested_and_or,visa_requirement_criteria.csv after schema/team decision,중첩 AND/OR 원식을 평탄화하면 필수조건이 누락되므로 이관을 차단한다.
99bd6992-d836-52fb-8f22-9a641541a2c0,78dca2d7-f771-553a-b788-46c9ff56d633,visa_requirement_criteria.csv,dc65cc6f-47e4-50b5-b742-28086578f8c0,9696027e-21c2-5549-97e5-1fd1a873b5a7,root > economic_activity > employment,visa_requirement_criteria.csv,,manual_review,,,r17_announcement_2026_df1fdde9,1. 충북 지역특화형 비자 사업 지역우수인재(F-2-R) 공고문(2026년 17차).pdf,5,converted_pdf_page,manual_verified_criteria_page_rule,2025-03-07,2026-09-18,inherited_master_application_period,blocked,flat_schema_cannot_represent_nested_and_or,visa_requirement_criteria.csv after schema/team decision,중첩 AND/OR 원식을 평탄화하면 필수조건이 누락되므로 이관을 차단한다.
5bf204a3-07df-5ac7-97e0-23d656d01a81,78dca2d7-f771-553a-b788-46c9ff56d633,visa_requirement_criteria.csv,7fb2b36c-5af1-5281-b7ee-8a5d80a66873,9696027e-21c2-5549-97e5-1fd1a873b5a7,root > economic_activity > employment,visa_requirement_criteria.csv,,manual_review,,,r17_announcement_2026_df1fdde9,1. 충북 지역특화형 비자 사업 지역우수인재(F-2-R) 공고문(2026년 17차).pdf,5,converted_pdf_page,manual_verified_criteria_page_rule,2025-03-07,2026-09-18,inherited_master_application_period,blocked,flat_schema_cannot_represent_nested_and_or,visa_requirement_criteria.csv after schema/team decision,중첩 AND/OR 원식을 평탄화하면 필수조건이 누락되므로 이관을 차단한다.
da2eaeff-d1cb-5ea1-ac13-bb1c865eefa7,78dca2d7-f771-553a-b788-46c9ff56d633,visa_requirement_criteria.csv,c2b66cb5-dea6-5211-859a-3ab090a569d5,9696027e-21c2-5549-97e5-1fd1a873b5a7,root > economic_activity > employment,visa_requirement_criteria.csv,,manual_review,,,r17_announcement_2026_df1fdde9,1. 충북 지역특화형 비자 사업 지역우수인재(F-2-R) 공고문(2026년 17차).pdf,5,converted_pdf_page,manual_verified_criteria_page_rule,2025-03-07,2026-09-18,inherited_master_application_period,blocked,flat_schema_cannot_represent_nested_and_or,visa_requirement_criteria.csv after schema/team decision,중첩 AND/OR 원식을 평탄화하면 필수조건이 누락되므로 이관을 차단한다.
7feae56a-682e-5654-b7da-8ed64bac2c82,78dca2d7-f771-553a-b788-46c9ff56d633,visa_requirement_criteria.csv,f5f44a24-d4f0-5f04-83d4-b20942f31ba9,9696027e-21c2-5549-97e5-1fd1a873b5a7,root > economic_activity > employment,visa_requirement_criteria.csv,,manual_review,,,r17_announcement_2026_df1fdde9,1. 충북 지역특화형 비자 사업 지역우수인재(F-2-R) 공고문(2026년 17차).pdf,5,converted_pdf_page,manual_verified_criteria_page_rule,2025-03-07,2026-09-18,inherited_master_application_period,blocked,flat_schema_cannot_represent_nested_and_or,visa_requirement_criteria.csv after schema/team decision,중첩 AND/OR 원식을 평탄화하면 필수조건이 누락되므로 이관을 차단한다.
381fa065-6ff9-5a61-ac97-68ad00a21edd,78dca2d7-f771-553a-b788-46c9ff56d633,visa_requirement_criteria.csv,420b0553-817a-5202-a02f-5e342319af5c,095770ae-5970-5239-b762-5677b5ff93bc,root > economic_activity > entrepreneurship,visa_requirement_criteria.csv,,manual_review,,,r17_announcement_2026_df1fdde9,1. 충북 지역특화형 비자 사업 지역우수인재(F-2-R) 공고문(2026년 17차).pdf,5,converted_pdf_page,manual_verified_criteria_page_rule,2025-03-07,2026-09-18,inherited_master_application_period,blocked,flat_schema_cannot_represent_nested_and_or,visa_requirement_criteria.csv after schema/team decision,중첩 AND/OR 원식을 평탄화하면 필수조건이 누락되므로 이관을 차단한다.
73830f44-bc2f-5c5b-81dd-8cbfd8d77b81,78dca2d7-f771-553a-b788-46c9ff56d633,visa_requirement_criteria.csv,9c04bb1f-ecc6-5c42-b7dc-72b997de2d2e,095770ae-5970-5239-b762-5677b5ff93bc,root > economic_activity > entrepreneurship,visa_requirement_criteria.csv,,manual_review,,,r17_announcement_2026_df1fdde9,1. 충북 지역특화형 비자 사업 지역우수인재(F-2-R) 공고문(2026년 17차).pdf,5,converted_pdf_page,manual_verified_criteria_page_rule,2025-03-07,2026-09-18,inherited_master_application_period,blocked,flat_schema_cannot_represent_nested_and_or,visa_requirement_criteria.csv after schema/team decision,중첩 AND/OR 원식을 평탄화하면 필수조건이 누락되므로 이관을 차단한다.
33e49095-305b-55d4-8c9a-f75ad236cc00,78dca2d7-f771-553a-b788-46c9ff56d633,visa_requirement_criteria.csv,6f0b4d1c-81ad-5796-abcc-c8a7db09f2a4,095770ae-5970-5239-b762-5677b5ff93bc,root > economic_activity > entrepreneurship,visa_requirement_criteria.csv,,manual_review,,,r17_announcement_2026_df1fdde9,1. 충북 지역특화형 비자 사업 지역우수인재(F-2-R) 공고문(2026년 17차).pdf,5,converted_pdf_page,manual_verified_criteria_page_rule,2025-03-07,2026-09-18,inherited_master_application_period,blocked,flat_schema_cannot_represent_nested_and_or,visa_requirement_criteria.csv after schema/team decision,중첩 AND/OR 원식을 평탄화하면 필수조건이 누락되므로 이관을 차단한다.
518c9855-7509-5c75-b790-d05c0189a8c2,78dca2d7-f771-553a-b788-46c9ff56d633,visa_requirement_criteria.csv,858aaf7b-8296-5843-81f4-a71868f4f781,095770ae-5970-5239-b762-5677b5ff93bc,root > economic_activity > entrepreneurship,visa_requirement_criteria.csv,,manual_review,,,r17_announcement_2026_df1fdde9,1. 충북 지역특화형 비자 사업 지역우수인재(F-2-R) 공고문(2026년 17차).pdf,5,converted_pdf_page,manual_verified_criteria_page_rule,2025-03-07,2026-09-18,inherited_master_application_period,blocked,flat_schema_cannot_represent_nested_and_or,visa_requirement_criteria.csv after schema/team decision,중첩 AND/OR 원식을 평탄화하면 필수조건이 누락되므로 이관을 차단한다.
134986c9-fcdc-580f-acd3-05c0e8bcb246,78dca2d7-f771-553a-b788-46c9ff56d633,visa_requirement_criteria.csv,5dc8eee8-783c-5073-a562-92e6718e815e,a086c0af-93b6-55fa-be8c-20ba5f1d8f80,root > conduct,visa_requirement_criteria.csv,bc148cef-dfd1-48ba-94a3-e741f0dfceb9,direct,,,r17_announcement_2026_df1fdde9,1. 충북 지역특화형 비자 사업 지역우수인재(F-2-R) 공고문(2026년 17차).pdf,5,converted_pdf_page,manual_verified_criteria_page_rule,2025-03-07,2026-09-18,inherited_master_application_period,ready,,visa_requirement_criteria.csv,그룹 없는 행으로 두어 다른 자격요건과 AND로 결합한다.
a925514a-9e01-59d3-af99-78b1c4d18bc1,78dca2d7-f771-553a-b788-46c9ff56d633,visa_requirement_criteria.csv,d1cdcfbf-9e6f-5d9e-ab6a-ef633982b8f3,a086c0af-93b6-55fa-be8c-20ba5f1d8f80,root > conduct,visa_requirement_criteria.csv,867ccb5e-4cbf-4c21-8578-25b7cd0aaa09,direct,,,r17_announcement_2026_df1fdde9,1. 충북 지역특화형 비자 사업 지역우수인재(F-2-R) 공고문(2026년 17차).pdf,5,converted_pdf_page,manual_verified_criteria_page_rule,2025-03-07,2026-09-18,inherited_master_application_period,ready,,visa_requirement_criteria.csv,그룹 없는 행으로 두어 다른 자격요건과 AND로 결합한다.
9ef8f452-839a-52d3-a792-7b899455da24,78dca2d7-f771-553a-b788-46c9ff56d633,visa_requirement_criteria.csv,d1ab8498-0257-5f71-8bc9-ced94b6fb465,a086c0af-93b6-55fa-be8c-20ba5f1d8f80,root > conduct,visa_requirement_criteria.csv,14e1bc27-7fe2-401c-8ddc-33d40859c909,direct,,,r17_announcement_2026_df1fdde9,1. 충북 지역특화형 비자 사업 지역우수인재(F-2-R) 공고문(2026년 17차).pdf,5,converted_pdf_page,manual_verified_criteria_page_rule,2025-03-07,2026-09-18,inherited_master_application_period,ready,,visa_requirement_criteria.csv,그룹 없는 행으로 두어 다른 자격요건과 AND로 결합한다.
e0b3101c-9c46-568f-aa89-6d6a0a0e4438,78dca2d7-f771-553a-b788-46c9ff56d633,visa_requirement_criteria.csv,9c66ff41-704d-543a-a070-1effa026518a,a086c0af-93b6-55fa-be8c-20ba5f1d8f80,root > conduct,visa_requirement_criteria.csv,bf092cb3-cc6f-43be-ae82-86814b97fcc7,direct,,,r17_announcement_2026_df1fdde9,1. 충북 지역특화형 비자 사업 지역우수인재(F-2-R) 공고문(2026년 17차).pdf,6,converted_pdf_page,manual_verified_criteria_page_rule,2025-03-07,2026-09-18,inherited_master_application_period,ready,,visa_requirement_criteria.csv,그룹 없는 행으로 두어 다른 자격요건과 AND로 결합한다.
2c14b03d-dfe7-5022-ba3f-f602c081bb74,78dca2d7-f771-553a-b788-46c9ff56d633,visa_requirement_criteria.csv,7125ed91-1e53-5bfa-b9cb-8ff41b79e2e1,a086c0af-93b6-55fa-be8c-20ba5f1d8f80,root > conduct,visa_requirement_criteria.csv,99edfa3b-995c-4e0f-bb77-85ffe2bbbbc3,direct,,,r17_announcement_2026_df1fdde9,1. 충북 지역특화형 비자 사업 지역우수인재(F-2-R) 공고문(2026년 17차).pdf,6,converted_pdf_page,manual_verified_criteria_page_rule,2025-03-07,2026-09-18,inherited_master_application_period,ready,,visa_requirement_criteria.csv,그룹 없는 행으로 두어 다른 자격요건과 AND로 결합한다.
9067bd3d-8f03-56d2-9e65-79aa9612560d,78dca2d7-f771-553a-b788-46c9ff56d633,visa_requirement_criteria.csv,5d8907d5-fca3-550c-9099-3d999a4ff662,a086c0af-93b6-55fa-be8c-20ba5f1d8f80,root > conduct,visa_requirement_criteria.csv,7b0b1a2e-b10d-4f5b-841b-21ad26fe346a,direct,,,r17_announcement_2026_df1fdde9,1. 충북 지역특화형 비자 사업 지역우수인재(F-2-R) 공고문(2026년 17차).pdf,6,converted_pdf_page,manual_verified_criteria_page_rule,2025-03-07,2026-09-18,inherited_master_application_period,ready,,visa_requirement_criteria.csv,그룹 없는 행으로 두어 다른 자격요건과 AND로 결합한다.
52073610-8c28-5f9a-a1ce-81962db3a245,78dca2d7-f771-553a-b788-46c9ff56d633,visa_requirement_criteria.csv,1a87d293-e2c3-5733-b4a0-1030f1981670,a086c0af-93b6-55fa-be8c-20ba5f1d8f80,root > conduct,visa_requirement_criteria.csv,3825e580-8333-4e0e-8d56-ad84d643a7ff,direct,,,r17_announcement_2026_df1fdde9,1. 충북 지역특화형 비자 사업 지역우수인재(F-2-R) 공고문(2026년 17차).pdf,6,converted_pdf_page,manual_verified_criteria_page_rule,2025-03-07,2026-09-18,inherited_master_application_period,ready,,visa_requirement_criteria.csv,그룹 없는 행으로 두어 다른 자격요건과 AND로 결합한다.
0b242df4-9c86-5fb1-9076-e3aadaa57a2c,78dca2d7-f771-553a-b788-46c9ff56d633,visa_requirement_criteria.csv,78259b0d-f1cb-5474-a327-0f760074aa4b,9ba1bf6d-1136-51af-9801-ec9a72182d23,root > language,visa_requirement_criteria.csv,00e742d0-527e-4568-9526-1cd931a3f4cd,direct,G1,OR,r17_announcement_2026_df1fdde9,1. 충북 지역특화형 비자 사업 지역우수인재(F-2-R) 공고문(2026년 17차).pdf,6,converted_pdf_page,manual_verified_criteria_page_rule,2026-08-03,2026-09-18,source_row_interval,ready,,visa_requirement_criteria.csv,세 언어요건은 실제 대체조건이므로 F-2-R 로컬 OR 그룹 G1로 매핑한다.
3661320a-92af-54d4-833d-0b9367cb078d,78dca2d7-f771-553a-b788-46c9ff56d633,visa_requirement_criteria.csv,873209f1-e505-5d86-8909-5ea608398994,9ba1bf6d-1136-51af-9801-ec9a72182d23,root > language,visa_requirement_criteria.csv,4853502b-96c3-484f-a11b-3a9b502565b3,direct,G1,OR,r17_announcement_2026_df1fdde9,1. 충북 지역특화형 비자 사업 지역우수인재(F-2-R) 공고문(2026년 17차).pdf,6,converted_pdf_page,manual_verified_criteria_page_rule,2026-08-03,2026-09-18,source_row_interval,ready,,visa_requirement_criteria.csv,세 언어요건은 실제 대체조건이므로 F-2-R 로컬 OR 그룹 G1로 매핑한다.
ed94cd45-143d-512b-a103-2c06a89fa69b,78dca2d7-f771-553a-b788-46c9ff56d633,visa_requirement_criteria.csv,9268112d-0a61-5724-8a9a-f1559669e611,9ba1bf6d-1136-51af-9801-ec9a72182d23,root > language,visa_requirement_criteria.csv,df372fc4-97d0-4149-995f-741920b908cd,direct,G1,OR,r17_announcement_2026_df1fdde9,1. 충북 지역특화형 비자 사업 지역우수인재(F-2-R) 공고문(2026년 17차).pdf,6,converted_pdf_page,manual_verified_criteria_page_rule,2026-08-03,2026-09-18,source_row_interval,ready,,visa_requirement_criteria.csv,세 언어요건은 실제 대체조건이므로 F-2-R 로컬 OR 그룹 G1로 매핑한다.
b00d9f85-a2ae-53a4-a115-b020091015d0,78dca2d7-f771-553a-b788-46c9ff56d633,visa_requirement_criteria.csv,259908e8-626a-5fa2-b98a-55a2d2f805ea,c8ee0ba2-23cf-5d30-8125-a72e57fa041a,root > economic_activity > employment > employer,visa_requirement_criteria.csv,,manual_review,,,r17_announcement_2026_df1fdde9,1. 충북 지역특화형 비자 사업 지역우수인재(F-2-R) 공고문(2026년 17차).pdf,6,converted_pdf_page,manual_verified_criteria_page_rule,2025-03-07,2026-09-18,inherited_master_application_period,blocked,flat_schema_cannot_represent_nested_and_or,visa_requirement_criteria.csv after schema/team decision,중첩 AND/OR 원식을 평탄화하면 필수조건이 누락되므로 이관을 차단한다.
b64a1a19-e92f-5e93-843f-98d8a029241f,78dca2d7-f771-553a-b788-46c9ff56d633,visa_requirement_criteria.csv,2b036ac1-e917-5f32-af3f-a0021bfd6ea5,c8ee0ba2-23cf-5d30-8125-a72e57fa041a,root > economic_activity > employment > employer,visa_requirement_criteria.csv,,manual_review,,,r17_announcement_2026_df1fdde9,1. 충북 지역특화형 비자 사업 지역우수인재(F-2-R) 공고문(2026년 17차).pdf,6,converted_pdf_page,manual_verified_criteria_page_rule,2025-03-07,2026-09-18,inherited_master_application_period,blocked,flat_schema_cannot_represent_nested_and_or,visa_requirement_criteria.csv after schema/team decision,중첩 AND/OR 원식을 평탄화하면 필수조건이 누락되므로 이관을 차단한다.
58dd933e-647a-5f24-b2a2-afd0e2f40c7e,78dca2d7-f771-553a-b788-46c9ff56d633,visa_requirement_criteria.csv,bbd1acce-342f-5519-a552-7d6e886f162c,c8ee0ba2-23cf-5d30-8125-a72e57fa041a,root > economic_activity > employment > employer,visa_requirement_criteria.csv,,manual_review,,,r17_announcement_2026_df1fdde9,1. 충북 지역특화형 비자 사업 지역우수인재(F-2-R) 공고문(2026년 17차).pdf,6,converted_pdf_page,manual_verified_criteria_page_rule,2025-03-07,2026-09-18,inherited_master_application_period,blocked,flat_schema_cannot_represent_nested_and_or,visa_requirement_criteria.csv after schema/team decision,중첩 AND/OR 원식을 평탄화하면 필수조건이 누락되므로 이관을 차단한다.
85e614c9-1a28-5839-a7e9-d107055e8239,78dca2d7-f771-553a-b788-46c9ff56d633,visa_requirement_criteria.csv,9cbaa09e-5fce-5938-8588-8f4b46fd0346,00039d5b-eac5-5456-8e2a-34f15b545d95,root > economic_activity > employment > employer > small_business_exception,visa_requirement_criteria.csv,,manual_review,,,r17_announcement_2026_df1fdde9,1. 충북 지역특화형 비자 사업 지역우수인재(F-2-R) 공고문(2026년 17차).pdf,6,converted_pdf_page,manual_verified_criteria_page_rule,2026-05-18,2027-12-31,source_row_interval,blocked,flat_schema_cannot_represent_nested_and_or,visa_requirement_criteria.csv after schema/team decision,중첩 AND/OR 원식을 평탄화하면 필수조건이 누락되므로 이관을 차단한다.
f507f197-25c7-55f4-8e36-fb23536a6cdc,78dca2d7-f771-553a-b788-46c9ff56d633,visa_requirement_criteria.csv,93b6d669-8af8-5b21-a4f3-11e85ec753d1,00039d5b-eac5-5456-8e2a-34f15b545d95,root > economic_activity > employment > employer > small_business_exception,visa_requirement_criteria.csv,,manual_review,,,r17_announcement_2026_df1fdde9,1. 충북 지역특화형 비자 사업 지역우수인재(F-2-R) 공고문(2026년 17차).pdf,6,converted_pdf_page,manual_verified_criteria_page_rule,2026-05-18,2027-12-31,source_row_interval,blocked,flat_schema_cannot_represent_nested_and_or,visa_requirement_criteria.csv after schema/team decision,중첩 AND/OR 원식을 평탄화하면 필수조건이 누락되므로 이관을 차단한다.
3409c000-dac5-52d3-b3cb-b0d1416dbed7,78dca2d7-f771-553a-b788-46c9ff56d633,visa_requirement_criteria.csv,51a44c99-a331-5b4f-b329-cd7e1726385b,00039d5b-eac5-5456-8e2a-34f15b545d95,root > economic_activity > employment > employer > small_business_exception,visa_requirement_criteria.csv,,manual_review,,,r17_announcement_2026_df1fdde9,1. 충북 지역특화형 비자 사업 지역우수인재(F-2-R) 공고문(2026년 17차).pdf,7,converted_pdf_page,manual_verified_criteria_page_rule,2026-05-18,2027-12-31,source_row_interval,blocked,flat_schema_cannot_represent_nested_and_or,visa_requirement_criteria.csv after schema/team decision,중첩 AND/OR 원식을 평탄화하면 필수조건이 누락되므로 이관을 차단한다.
7b556a9d-69e2-5e06-ab7d-ada649820022,78dca2d7-f771-553a-b788-46c9ff56d633,visa_requirement_criteria.csv,f893ea3a-5ff5-591c-93e2-138a883c7115,00039d5b-eac5-5456-8e2a-34f15b545d95,root > economic_activity > employment > employer > small_business_exception,visa_requirement_criteria.csv,,manual_review,,,r17_announcement_2026_df1fdde9,1. 충북 지역특화형 비자 사업 지역우수인재(F-2-R) 공고문(2026년 17차).pdf,7,converted_pdf_page,manual_verified_criteria_page_rule,2026-05-18,2027-12-31,source_row_interval,blocked,flat_schema_cannot_represent_nested_and_or,visa_requirement_criteria.csv after schema/team decision,중첩 AND/OR 원식을 평탄화하면 필수조건이 누락되므로 이관을 차단한다.
94649456-836e-5292-8104-ba50ea7d4008,78dca2d7-f771-553a-b788-46c9ff56d633,visa_requirement_criteria.csv,0a5e5e7d-9c69-5973-8647-ad67314f17fe,00039d5b-eac5-5456-8e2a-34f15b545d95,root > economic_activity > employment > employer > small_business_exception,visa_requirement_criteria.csv,,manual_review,,,r17_announcement_2026_df1fdde9,1. 충북 지역특화형 비자 사업 지역우수인재(F-2-R) 공고문(2026년 17차).pdf,7,converted_pdf_page,manual_verified_criteria_page_rule,2026-05-18,2027-12-31,source_row_interval,blocked,flat_schema_cannot_represent_nested_and_or,visa_requirement_criteria.csv after schema/team decision,중첩 AND/OR 원식을 평탄화하면 필수조건이 누락되므로 이관을 차단한다.
0eaac540-e1be-5cc8-a1c2-399935c5c97d,78dca2d7-f771-553a-b788-46c9ff56d633,visa_requirement_criteria.csv,a9fc3655-b2a8-5814-b26a-91a30b812b47,c8ee0ba2-23cf-5d30-8125-a72e57fa041a,root > economic_activity > employment > employer,visa_requirement_criteria.csv,,manual_review,,,r17_announcement_2026_df1fdde9,1. 충북 지역특화형 비자 사업 지역우수인재(F-2-R) 공고문(2026년 17차).pdf,7,converted_pdf_page,manual_verified_criteria_page_rule,2025-03-07,2026-09-18,inherited_master_application_period,blocked,flat_schema_cannot_represent_nested_and_or,visa_requirement_criteria.csv after schema/team decision,중첩 AND/OR 원식을 평탄화하면 필수조건이 누락되므로 이관을 차단한다.
e5e264f6-0446-5ce8-af3e-e1b415f7f0eb,78dca2d7-f771-553a-b788-46c9ff56d633,visa_requirement_criteria.csv,45252100-3814-5941-bc5f-c3be9604a844,c8ee0ba2-23cf-5d30-8125-a72e57fa041a,root > economic_activity > employment > employer,visa_requirement_criteria.csv,,manual_review,,,r17_announcement_2026_df1fdde9,1. 충북 지역특화형 비자 사업 지역우수인재(F-2-R) 공고문(2026년 17차).pdf,7,converted_pdf_page,manual_verified_criteria_page_rule,2025-03-07,2026-09-18,inherited_master_application_period,blocked,flat_schema_cannot_represent_nested_and_or,visa_requirement_criteria.csv after schema/team decision,중첩 AND/OR 원식을 평탄화하면 필수조건이 누락되므로 이관을 차단한다.
f4f0cd0b-a95e-55e3-8c5d-98ea15ace096,78dca2d7-f771-553a-b788-46c9ff56d633,visa_requirement_criteria.csv,ae9d26ab-ca5f-51e8-826a-029fb0ec597c,c8ee0ba2-23cf-5d30-8125-a72e57fa041a,root > economic_activity > employment > employer,visa_requirement_criteria.csv,,manual_review,,,r17_announcement_2026_df1fdde9,1. 충북 지역특화형 비자 사업 지역우수인재(F-2-R) 공고문(2026년 17차).pdf,7,converted_pdf_page,manual_verified_criteria_page_rule,2025-03-07,2026-09-18,inherited_master_application_period,blocked,flat_schema_cannot_represent_nested_and_or,visa_requirement_criteria.csv after schema/team decision,중첩 AND/OR 원식을 평탄화하면 필수조건이 누락되므로 이관을 차단한다.
6482d68e-d3d4-5932-9713-4b909bec3df9,78dca2d7-f771-553a-b788-46c9ff56d633,visa_requirement_criteria.csv,1d45b72f-593c-550b-983f-5d204973ca4d,c8ee0ba2-23cf-5d30-8125-a72e57fa041a,root > economic_activity > employment > employer,visa_requirement_criteria.csv,,manual_review,,,r17_announcement_2026_df1fdde9,1. 충북 지역특화형 비자 사업 지역우수인재(F-2-R) 공고문(2026년 17차).pdf,7,converted_pdf_page,manual_verified_criteria_page_rule,2025-03-07,2026-09-18,inherited_master_application_period,blocked,flat_schema_cannot_represent_nested_and_or,visa_requirement_criteria.csv after schema/team decision,중첩 AND/OR 원식을 평탄화하면 필수조건이 누락되므로 이관을 차단한다.
02eac53b-cb46-58b6-9537-75fa9566e4bc,78dca2d7-f771-553a-b788-46c9ff56d633,visa_requirement_criteria.csv,d18fd931-24b4-5856-8370-2e7b8d5053bd,c8ee0ba2-23cf-5d30-8125-a72e57fa041a,root > economic_activity > employment > employer,visa_requirement_criteria.csv,,manual_review,,,r17_announcement_2026_df1fdde9,1. 충북 지역특화형 비자 사업 지역우수인재(F-2-R) 공고문(2026년 17차).pdf,8,converted_pdf_page,manual_verified_criteria_page_rule,2025-03-07,2026-09-18,inherited_master_application_period,blocked,flat_schema_cannot_represent_nested_and_or,visa_requirement_criteria.csv after schema/team decision,중첩 AND/OR 원식을 평탄화하면 필수조건이 누락되므로 이관을 차단한다.
0829e314-4fd7-57b3-ba92-0cf4bbfbbee8,78dca2d7-f771-553a-b788-46c9ff56d633,visa_requirement_criteria.csv,00db7e87-d02b-57fc-9420-38824cb45e4b,c8ee0ba2-23cf-5d30-8125-a72e57fa041a,root > economic_activity > employment > employer,visa_requirement_criteria.csv,,manual_review,,,r17_announcement_2026_df1fdde9,1. 충북 지역특화형 비자 사업 지역우수인재(F-2-R) 공고문(2026년 17차).pdf,8,converted_pdf_page,manual_verified_criteria_page_rule,2025-03-07,2026-09-18,inherited_master_application_period,blocked,flat_schema_cannot_represent_nested_and_or,visa_requirement_criteria.csv after schema/team decision,중첩 AND/OR 원식을 평탄화하면 필수조건이 누락되므로 이관을 차단한다.
df7ca912-f745-5a15-864c-3c6cbb77655c,78dca2d7-f771-553a-b788-46c9ff56d633,visa_requirement_criteria.csv,e8f53963-0551-5b8c-8b9d-490448f24cbd,c8ee0ba2-23cf-5d30-8125-a72e57fa041a,root > economic_activity > employment > employer,visa_requirement_criteria.csv,,manual_review,,,r17_announcement_2026_df1fdde9,1. 충북 지역특화형 비자 사업 지역우수인재(F-2-R) 공고문(2026년 17차).pdf,8,converted_pdf_page,manual_verified_criteria_page_rule,2025-03-07,2026-09-18,inherited_master_application_period,blocked,flat_schema_cannot_represent_nested_and_or,visa_requirement_criteria.csv after schema/team decision,중첩 AND/OR 원식을 평탄화하면 필수조건이 누락되므로 이관을 차단한다.
6dd44376-10e1-50dd-8d3a-f587d8e78f4c,78dca2d7-f771-553a-b788-46c9ff56d633,visa_requirement_criteria.csv,f23001d5-fff9-5bb8-8160-99a5f38091d7,e2a2a9e8-b1a4-56dc-aa49-0282832056f7,root > economic_activity > employment > restricted_industries,visa_requirement_criteria.csv,,manual_review,,,r17_attachment_2026_07f157ee,2. 충북 지역특화형 비자 사업 지역우수인재(F-2-R) 공고 붙임자료(2026년 17차).pdf,4,converted_pdf_page,manual_verified_criteria_page_rule,2025-03-07,2026-09-18,inherited_master_application_period,blocked,flat_schema_cannot_represent_nested_and_or,visa_requirement_criteria.csv after schema/team decision,중첩 AND/OR 원식을 평탄화하면 필수조건이 누락되므로 이관을 차단한다.
1ee1a486-3161-54c8-a34e-fe5c177ef246,78dca2d7-f771-553a-b788-46c9ff56d633,visa_requirement_criteria.csv,8ff73163-a45a-5f8f-9745-531c76928505,e2a2a9e8-b1a4-56dc-aa49-0282832056f7,root > economic_activity > employment > restricted_industries,visa_requirement_criteria.csv,,manual_review,,,r17_attachment_2026_07f157ee,2. 충북 지역특화형 비자 사업 지역우수인재(F-2-R) 공고 붙임자료(2026년 17차).pdf,4,converted_pdf_page,manual_verified_criteria_page_rule,2025-03-07,2026-09-18,inherited_master_application_period,blocked,flat_schema_cannot_represent_nested_and_or,visa_requirement_criteria.csv after schema/team decision,중첩 AND/OR 원식을 평탄화하면 필수조건이 누락되므로 이관을 차단한다.
6e70e434-400a-5371-910f-a5a0261f0605,78dca2d7-f771-553a-b788-46c9ff56d633,visa_requirement_criteria.csv,17cd394d-de37-5f4e-b1f4-d10e1f29a87b,e2a2a9e8-b1a4-56dc-aa49-0282832056f7,root > economic_activity > employment > restricted_industries,visa_requirement_criteria.csv,,manual_review,,,r17_attachment_2026_07f157ee,2. 충북 지역특화형 비자 사업 지역우수인재(F-2-R) 공고 붙임자료(2026년 17차).pdf,4,converted_pdf_page,manual_verified_criteria_page_rule,2025-03-07,2026-09-18,inherited_master_application_period,blocked,flat_schema_cannot_represent_nested_and_or,visa_requirement_criteria.csv after schema/team decision,중첩 AND/OR 원식을 평탄화하면 필수조건이 누락되므로 이관을 차단한다.
c234e33a-4290-5575-ad61-3142c1eaba2e,78dca2d7-f771-553a-b788-46c9ff56d633,visa_requirement_criteria.csv,54fed149-27cb-54dc-95f8-fbcea5ce4cb2,e2a2a9e8-b1a4-56dc-aa49-0282832056f7,root > economic_activity > employment > restricted_industries,visa_requirement_criteria.csv,,manual_review,,,r17_attachment_2026_07f157ee,2. 충북 지역특화형 비자 사업 지역우수인재(F-2-R) 공고 붙임자료(2026년 17차).pdf,4,converted_pdf_page,manual_verified_criteria_page_rule,2025-03-07,2026-09-18,inherited_master_application_period,blocked,flat_schema_cannot_represent_nested_and_or,visa_requirement_criteria.csv after schema/team decision,중첩 AND/OR 원식을 평탄화하면 필수조건이 누락되므로 이관을 차단한다.
e63ecf05-ae27-560c-be6a-0b36b133f6dc,78dca2d7-f771-553a-b788-46c9ff56d633,visa_requirement_criteria.csv,9e93f60d-80b8-5432-80eb-4645836219c1,17228741-5362-528a-b6de-73371309e000,root > excluded_applicants,visa_requirement_criteria.csv,5512185b-df39-49ff-9574-1f04856c0af7,direct,,,r17_attachment_2026_07f157ee,2. 충북 지역특화형 비자 사업 지역우수인재(F-2-R) 공고 붙임자료(2026년 17차).pdf,8,converted_pdf_page,manual_verified_criteria_page_rule,2025-03-07,2026-09-18,inherited_master_application_period,ready,,visa_requirement_criteria.csv,그룹 없는 행으로 두어 다른 자격요건과 AND로 결합한다.
b615f327-20d0-5173-b100-1e6e713fa4e3,78dca2d7-f771-553a-b788-46c9ff56d633,visa_requirement_criteria.csv,41d1fe16-7ca3-5cf6-accb-6d69ee524f8b,d4902204-0a49-57fb-a1e5-35722ade0b97,recommendation,,,not_applicable,,,r17_attachment_2026_07f157ee,2. 충북 지역특화형 비자 사업 지역우수인재(F-2-R) 공고 붙임자료(2026년 17차).pdf,16,converted_pdf_page,manual_verified_criteria_page_rule,2025-03-07,2026-09-18,inherited_master_application_period,not_applicable,outside_initial_eligibility,visa_process_stages.csv (relative schedule review required),승인 이후 의무·동반가족·상대 일정은 공통 자격 criteria에 넣지 않는다.
d1836b3e-86d7-5fd9-b296-7d44704e6800,78dca2d7-f771-553a-b788-46c9ff56d633,visa_requirement_criteria.csv,8613330e-0620-5b01-b406-252525e6fb55,126daa99-c5ff-5ced-8ac1-4cc198a9f33d,post_approval,,,not_applicable,,,r17_attachment_2026_07f157ee,2. 충북 지역특화형 비자 사업 지역우수인재(F-2-R) 공고 붙임자료(2026년 17차).pdf,2,converted_pdf_page,manual_verified_criteria_page_rule,2025-03-07,2026-09-18,inherited_master_application_period,not_applicable,outside_initial_eligibility,admin_guide_corpus (future shared corpus),승인 이후 의무·동반가족·상대 일정은 공통 자격 criteria에 넣지 않는다.
c28e9ffd-d74c-5819-82fb-25fceb507f52,78dca2d7-f771-553a-b788-46c9ff56d633,visa_requirement_criteria.csv,81ea7938-e0b5-5650-a5d4-00860245b895,126daa99-c5ff-5ced-8ac1-4cc198a9f33d,post_approval,,,not_applicable,,,r17_attachment_2026_07f157ee,2. 충북 지역특화형 비자 사업 지역우수인재(F-2-R) 공고 붙임자료(2026년 17차).pdf,2,converted_pdf_page,manual_verified_criteria_page_rule,2025-03-07,2026-09-18,inherited_master_application_period,not_applicable,outside_initial_eligibility,admin_guide_corpus (future shared corpus),승인 이후 의무·동반가족·상대 일정은 공통 자격 criteria에 넣지 않는다.
f91f8572-3496-503c-a5fc-9c0dd832276a,78dca2d7-f771-553a-b788-46c9ff56d633,visa_requirement_criteria.csv,9895900e-0abc-579b-92d3-bd8dd1424f47,126daa99-c5ff-5ced-8ac1-4cc198a9f33d,post_approval,,,not_applicable,,,r17_attachment_2026_07f157ee,2. 충북 지역특화형 비자 사업 지역우수인재(F-2-R) 공고 붙임자료(2026년 17차).pdf,2,converted_pdf_page,manual_verified_criteria_page_rule,2025-03-07,2026-09-18,inherited_master_application_period,not_applicable,outside_initial_eligibility,admin_guide_corpus (future shared corpus),승인 이후 의무·동반가족·상대 일정은 공통 자격 criteria에 넣지 않는다.
5232a720-a331-5e72-b3a0-16cc2b871db0,78dca2d7-f771-553a-b788-46c9ff56d633,visa_requirement_criteria.csv,aaf46524-1968-5847-a71f-98290bdf04e2,126daa99-c5ff-5ced-8ac1-4cc198a9f33d,post_approval,,,not_applicable,,,r17_announcement_2026_df1fdde9,1. 충북 지역특화형 비자 사업 지역우수인재(F-2-R) 공고문(2026년 17차).pdf,8,converted_pdf_page,manual_verified_criteria_page_rule,2025-03-07,2026-09-18,inherited_master_application_period,not_applicable,outside_initial_eligibility,admin_guide_corpus (future shared corpus),승인 이후 의무·동반가족·상대 일정은 공통 자격 criteria에 넣지 않는다.
5259e4c9-a9e3-57fe-8a4d-9ff657bc195e,78dca2d7-f771-553a-b788-46c9ff56d633,visa_requirement_criteria.csv,d6817b68-b0d4-5232-a661-2d686baefa10,126daa99-c5ff-5ced-8ac1-4cc198a9f33d,post_approval,,,not_applicable,,,r17_announcement_2026_df1fdde9,1. 충북 지역특화형 비자 사업 지역우수인재(F-2-R) 공고문(2026년 17차).pdf,8,converted_pdf_page,manual_verified_criteria_page_rule,2025-03-07,2026-09-18,inherited_master_application_period,not_applicable,outside_initial_eligibility,admin_guide_corpus (future shared corpus),승인 이후 의무·동반가족·상대 일정은 공통 자격 criteria에 넣지 않는다.
bee395a2-2a61-5d3c-a029-e165cc9e8caa,78dca2d7-f771-553a-b788-46c9ff56d633,visa_requirement_criteria.csv,41d6b502-4417-5462-b2c1-ea733421a9e4,126daa99-c5ff-5ced-8ac1-4cc198a9f33d,post_approval,,,not_applicable,,,r17_announcement_2026_df1fdde9,1. 충북 지역특화형 비자 사업 지역우수인재(F-2-R) 공고문(2026년 17차).pdf,8,converted_pdf_page,manual_verified_criteria_page_rule,2025-03-07,2026-09-18,inherited_master_application_period,not_applicable,outside_initial_eligibility,admin_guide_corpus (future shared corpus),승인 이후 의무·동반가족·상대 일정은 공통 자격 criteria에 넣지 않는다.
2b818ffb-ceff-5a52-a1cf-24c4c82cf4b5,78dca2d7-f771-553a-b788-46c9ff56d633,visa_requirement_criteria.csv,779105e0-cae5-5ed4-a37b-20426f200bc4,2303a152-e2a2-50c5-b3b6-5f12ab63bf2a,dependent_family,,,not_applicable,,,r17_attachment_2026_07f157ee,2. 충북 지역특화형 비자 사업 지역우수인재(F-2-R) 공고 붙임자료(2026년 17차).pdf,3,converted_pdf_page,manual_verified_criteria_page_rule,2025-03-07,2026-09-18,inherited_master_application_period,not_applicable,outside_initial_eligibility,admin_guide_corpus (future shared corpus),승인 이후 의무·동반가족·상대 일정은 공통 자격 criteria에 넣지 않는다.
7097545a-16af-5254-879f-5dec0e647b12,78dca2d7-f771-553a-b788-46c9ff56d633,visa_requirement_criteria.csv,12e0ebd6-2a4d-5150-b4f7-da6acc2ff05f,2303a152-e2a2-50c5-b3b6-5f12ab63bf2a,dependent_family,,,not_applicable,,,r17_attachment_2026_07f157ee,2. 충북 지역특화형 비자 사업 지역우수인재(F-2-R) 공고 붙임자료(2026년 17차).pdf,3,converted_pdf_page,manual_verified_criteria_page_rule,2025-03-07,2026-09-18,inherited_master_application_period,not_applicable,outside_initial_eligibility,admin_guide_corpus (future shared corpus),승인 이후 의무·동반가족·상대 일정은 공통 자격 criteria에 넣지 않는다.
86871035-ad29-5678-909c-c62ebb6a6bf4,78dca2d7-f771-553a-b788-46c9ff56d633,visa_requirement_criteria.csv,512765ec-2510-51c0-846b-f5e667bbcbeb,2303a152-e2a2-50c5-b3b6-5f12ab63bf2a,dependent_family,,,not_applicable,,,r17_attachment_2026_07f157ee,2. 충북 지역특화형 비자 사업 지역우수인재(F-2-R) 공고 붙임자료(2026년 17차).pdf,3,converted_pdf_page,manual_verified_criteria_page_rule,2025-03-07,2026-09-18,inherited_master_application_period,not_applicable,outside_initial_eligibility,admin_guide_corpus (future shared corpus),승인 이후 의무·동반가족·상대 일정은 공통 자격 criteria에 넣지 않는다.
b8160e47-83b4-5896-b597-391d48f45d29,78dca2d7-f771-553a-b788-46c9ff56d633,visa_requirement_criteria.csv,a06153f0-63f3-5802-b45d-fb12c2ade02e,2303a152-e2a2-50c5-b3b6-5f12ab63bf2a,dependent_family,,,not_applicable,,,r17_attachment_2026_07f157ee,2. 충북 지역특화형 비자 사업 지역우수인재(F-2-R) 공고 붙임자료(2026년 17차).pdf,3,converted_pdf_page,manual_verified_criteria_page_rule,2025-03-07,2026-09-18,inherited_master_application_period,not_applicable,outside_initial_eligibility,admin_guide_corpus (future shared corpus),승인 이후 의무·동반가족·상대 일정은 공통 자격 criteria에 넣지 않는다.
