change_id,visa_code,announcement_round,requirement_type,change_summary,old_value,new_value,effective_date,from_round,to_round,fact_key,change_type,change_scope,comparison_method,date_basis,source_document_id,source_section,source_table_index,source_text,extracted_at,extraction_status,confidence
602af13b-1bbe-5d82-bbc6-6ac7937f2561,F-2-R,9,regional_quota,단양군 기추천 인원: 20 person → 22 person,20 person,22 person,2026-01-13,8,9,quota:단양군:recommended,modified,regional_quota,adjacent_round_only,to_round_publication_date,r09_announcement_2025~2026_a483f5df,0,5,단양 | 36 | 22 | 14,2026-08-23T12:56:59+00:00,auto_extracted,0.98
95f95f38-891b-5ac9-95bd-44e46b1ab11d,F-2-R,9,regional_quota,단양군 잔여 인원: 16 person → 14 person,16 person,14 person,2026-01-13,8,9,quota:단양군:remaining,modified,regional_quota,adjacent_round_only,to_round_publication_date,r09_announcement_2025~2026_a483f5df,0,5,단양 | 36 | 22 | 14,2026-08-23T12:56:59+00:00,auto_extracted,0.98
32584cff-8f91-5339-acee-c83e01db7df9,F-2-R,9,regional_quota,보은군 기추천 인원: 19 person → 21 person,19 person,21 person,2026-01-13,8,9,quota:보은군:recommended,modified,regional_quota,adjacent_round_only,to_round_publication_date,r09_announcement_2025~2026_a483f5df,0,5,보은 | 60 | 21 | 39,2026-08-23T12:56:59+00:00,auto_extracted,0.98
0926e8e8-d714-5c0c-9fd0-21ed5faab8d5,F-2-R,9,regional_quota,보은군 잔여 인원: 41 person → 39 person,41 person,39 person,2026-01-13,8,9,quota:보은군:remaining,modified,regional_quota,adjacent_round_only,to_round_publication_date,r09_announcement_2025~2026_a483f5df,0,5,보은 | 60 | 21 | 39,2026-08-23T12:56:59+00:00,auto_extracted,0.98
6752230a-14ec-5662-9ffe-0b1ced3caf00,F-2-R,9,regional_quota,옥천군 기추천 인원: 10 person → 11 person,10 person,11 person,2026-01-13,8,9,quota:옥천군:recommended,modified,regional_quota,adjacent_round_only,to_round_publication_date,r09_announcement_2025~2026_a483f5df,0,5,옥천 | 50 | 11 | 39,2026-08-23T12:56:59+00:00,auto_extracted,0.98
7557b9ca-5e3b-57f0-98f3-bbb609448670,F-2-R,9,regional_quota,옥천군 잔여 인원: 40 person → 39 person,40 person,39 person,2026-01-13,8,9,quota:옥천군:remaining,modified,regional_quota,adjacent_round_only,to_round_publication_date,r09_announcement_2025~2026_a483f5df,0,5,옥천 | 50 | 11 | 39,2026-08-23T12:56:59+00:00,auto_extracted,0.98
75910ae6-4386-5695-9740-49ced19675f9,F-2-R,9,requirement,"연간 소득 기준: 29,601,924 KRW/year → 30,539,916 KRW/year","29,601,924 KRW/year","30,539,916 KRW/year",2026-01-13,8,9,requirement:income,modified,requirement,adjacent_round_only,to_round_publication_date,r09_announcement_2025~2026_a483f5df,0,7,"학력/소득 (두 요건 중 하나만 구비 하면 족함) / 1) 학력 /  국내 전문학사 이상의 학위취득자로서 2년제 전문대학 이상 / 졸업자 또는 졸업예정자 / - 신청일 기준 6개월 이내 졸업 예정 증빙 필요(대학 총장, 학과장 명의의 문서 제출), 최초 체류기간 연장 시 학위증 등 입증서류 제출 / 2) 소득 /  (주체) 신청인(본인) 소득만 인정 /  (기준) ‘26년도 충청북도 생활임금(연 30,539,916원) 이상 /  (인정되는 소득) 「소득세법」 제4조제1항에 따른 다음 소득을 합산 / - 이자소득, 배당소득, 사업소득, 근로소득, 연금소득, 기타소득 / - 각 소득은 소득세를 납부한 경우에만 인정 / - 「소득세법」 제12조(비과세소득)에 따라 소득세를 납부하지 않아도 되는 소득일 경우 관련 증빙자료 등을 검토하여 인정 여부 결정 / 나. 거주지 /  (원칙) 추천지역 내에서 계속",2026-08-23T12:56:59+00:00,auto_extracted,0.98
6eae887d-1f39-56c1-903a-3cc5fef9f115,F-2-R,10,attachment_content,허가조건 안내 언어: ko_only → ko_en,ko_only,ko_en,2026-02-09,9,10,attachment:permission_notice_language,modified,attachment_content,adjacent_round_only,to_round_publication_date,r10_attachment_2025~2026_9c4cb7e5,0,1,"| 【 허가조건 】 / Conditions of Permission | | 1. 공통 Common Requirements / ❍ 자격요건(거주지 요건, 취·창업 요건, 소득요건 등)을 계속 유지할 것 / The applicant must continuously satisfy all eligibility requirement, including residence, employment/start-up, and income requirements. / 2.",2026-08-23T12:56:59+00:00,auto_extracted,0.98
1f774fc3-b9ba-54cb-8227-1b4c43493f45,F-2-R,10,regional_quota,괴산군 기추천 인원: 6 person → 7 person,6 person,7 person,2026-02-09,9,10,quota:괴산군:recommended,modified,regional_quota,adjacent_round_only,to_round_publication_date,r10_announcement_2026_81bfb577,0,5,괴산 | 30 | 7 | 23,2026-08-23T12:56:59+00:00,auto_extracted,0.98
99a5e425-8503-56ef-aaa7-88f4631e17d5,F-2-R,10,regional_quota,괴산군 잔여 인원: 24 person → 23 person,24 person,23 person,2026-02-09,9,10,quota:괴산군:remaining,modified,regional_quota,adjacent_round_only,to_round_publication_date,r10_announcement_2026_81bfb577,0,5,괴산 | 30 | 7 | 23,2026-08-23T12:56:59+00:00,auto_extracted,0.98
a7e169cf-b1e8-5238-904a-52f70d4c727d,F-2-R,10,regional_quota,단양군 기추천 인원: 22 person → 23 person,22 person,23 person,2026-02-09,9,10,quota:단양군:recommended,modified,regional_quota,adjacent_round_only,to_round_publication_date,r10_announcement_2026_81bfb577,0,5,단양 | 36 | 23 | 13,2026-08-23T12:56:59+00:00,auto_extracted,0.98
1c17a168-9d70-5d70-832f-eda2cd17a6c7,F-2-R,10,regional_quota,단양군 잔여 인원: 14 person → 13 person,14 person,13 person,2026-02-09,9,10,quota:단양군:remaining,modified,regional_quota,adjacent_round_only,to_round_publication_date,r10_announcement_2026_81bfb577,0,5,단양 | 36 | 23 | 13,2026-08-23T12:56:59+00:00,auto_extracted,0.98
c3d523cc-307b-50c4-87bc-b9c3fae47c05,F-2-R,10,regional_quota,보은군 기추천 인원: 21 person → 26 person,21 person,26 person,2026-02-09,9,10,quota:보은군:recommended,modified,regional_quota,adjacent_round_only,to_round_publication_date,r10_announcement_2026_81bfb577,0,5,보은 | 60 | 26 | 34,2026-08-23T12:56:59+00:00,auto_extracted,0.98
478bca6d-d2f1-52b6-b361-b70a6a3911b4,F-2-R,10,regional_quota,보은군 잔여 인원: 39 person → 34 person,39 person,34 person,2026-02-09,9,10,quota:보은군:remaining,modified,regional_quota,adjacent_round_only,to_round_publication_date,r10_announcement_2026_81bfb577,0,5,보은 | 60 | 26 | 34,2026-08-23T12:56:59+00:00,auto_extracted,0.98
b0c9d905-71e1-51ab-908e-e1eeea13390c,F-2-R,10,regional_quota,옥천군 기추천 인원: 11 person → 12 person,11 person,12 person,2026-02-09,9,10,quota:옥천군:recommended,modified,regional_quota,adjacent_round_only,to_round_publication_date,r10_announcement_2026_81bfb577,0,5,옥천 | 50 | 12 | 38,2026-08-23T12:56:59+00:00,auto_extracted,0.98
90e48e7f-85b4-5afa-9466-39d8d786e00f,F-2-R,10,regional_quota,옥천군 잔여 인원: 39 person → 38 person,39 person,38 person,2026-02-09,9,10,quota:옥천군:remaining,modified,regional_quota,adjacent_round_only,to_round_publication_date,r10_announcement_2026_81bfb577,0,5,옥천 | 50 | 12 | 38,2026-08-23T12:56:59+00:00,auto_extracted,0.98
69c10e2a-390d-5353-98eb-f9b467d1c1f8,F-2-R,10,regional_quota,제천시 기추천 인원: 42 person → 43 person,42 person,43 person,2026-02-09,9,10,quota:제천시:recommended,modified,regional_quota,adjacent_round_only,to_round_publication_date,r10_announcement_2026_81bfb577,0,5,제천 | 75 | 43 | 32,2026-08-23T12:56:59+00:00,auto_extracted,0.98
76d90a46-cfe7-5647-aa3e-98566a65ee0e,F-2-R,10,regional_quota,제천시 잔여 인원: 33 person → 32 person,33 person,32 person,2026-02-09,9,10,quota:제천시:remaining,modified,regional_quota,adjacent_round_only,to_round_publication_date,r10_announcement_2026_81bfb577,0,5,제천 | 75 | 43 | 32,2026-08-23T12:56:59+00:00,auto_extracted,0.98
737481b9-e260-5f5a-bc23-033858dd9bcc,F-2-R,10,requirement,해외 반입 외국자본 추가,,"100,000,000 KRW",2026-02-09,9,10,requirement:foreign_capital,added,requirement,adjacent_round_only,to_round_publication_date,r10_announcement_2026_81bfb577,0,7,"업 불가 / - 자격 변경 후 1년 이내 근무처 변경 제한(단, 사업장 휴·폐업, 임금 체불 등*으로 동일 근무처에서 근무가 곤란한 경우에는 “허가조건 변경(근무처 변경)” 심사를 받아 변경이 가능하되, 새로운 근무처에서 다시 1년 동안 원칙적으로 근무처 변경 제한) / 2) 창업 /  (지역) 사업체가 추천지역 내 소재 /  (투자금액) 2억원 이상 / - 국내 형성 자금을 인정하되, 1억원은 해외에서 국내로 반입한 외국 자본*이어야 함 / * 투자자금 도입 및 자본금 사용내역 요건은 법인인 경우 법인에 투자(D-8-1), 개인사업자인 경우 개인사업자(D-9-4) 요건 적용 /  (설립방식) ｢외국인투자촉진법｣에 따른 외국인투자기업(법인)이나 개인사업자 또는 ｢외국환거래법｣ 및 ｢외국환거래규정｣에 따라 외자를 도입하고 사업자등록을 한 개인사업자 / 3) 유의사항 /  (기간) 허가일 기준 최초 2년은 추천지역",2026-08-23T12:56:59+00:00,auto_extracted,0.98
1b6eb47e-0ee0-5850-9799-f96eea7c4c81,F-2-R,10,requirement,후속 연장기간 상한 추가,,2 year,2026-02-09,9,10,requirement:stay_later_extension,added,requirement,adjacent_round_only,to_round_publication_date,r10_announcement_2026_81bfb577,0,7,"가 불법체류 중인 사람 / ⑦ 신청일부터 최근 1개월간 「출입국관리법」제19조(외국인고용주 신고의무) 또는 제19조의4(유학생 초청기관장의 신고의무)에 의한 신고의무를 2회 이상 게을리하여 과태료를 납부한 날로부터 1개월이 경과하지 아니한 자 / 3. 체류허가 사항 / 가. 체류자격 : F-2-R(지역특화형 우수인재) / 나. 체류기간 : 최대 1년 부여 ※ (연장 시) 최초연장 1년, 이후 최대 2년 내 부여",2026-08-23T12:56:59+00:00,auto_extracted,0.98
5ee7fb35-b356-56f8-ba74-cbb724bf51a5,F-2-R,11,attachment_form,붙임 서식: 지역특화형 우수인재 허가조건 변경 신청서 추가,,present,2026-03-03,10,11,form:지역특화형우수인재허가조건변경신청서,added,attachment_form,adjacent_round_only,to_round_publication_date,r11_attachment_2026_6542ddcd,0,,14. 지역특화형 우수인재 허가조건 변경 신청서 1부.,2026-08-23T12:56:59+00:00,auto_extracted,0.98
50a6f49e-10dd-5bbb-843b-b9f5fe443786,F-2-R,11,regional_quota,괴산군 기추천 인원: 7 person → 9 person,7 person,9 person,2026-03-03,10,11,quota:괴산군:recommended,modified,regional_quota,adjacent_round_only,to_round_publication_date,r11_announcement_2026_8a85727c,0,5,괴산 | 30 | 9 | 21,2026-08-23T12:56:59+00:00,auto_extracted,0.98
85d60de8-4633-5011-812f-0cb004b0ae63,F-2-R,11,regional_quota,괴산군 잔여 인원: 23 person → 21 person,23 person,21 person,2026-03-03,10,11,quota:괴산군:remaining,modified,regional_quota,adjacent_round_only,to_round_publication_date,r11_announcement_2026_8a85727c,0,5,괴산 | 30 | 9 | 21,2026-08-23T12:56:59+00:00,auto_extracted,0.98
972171a5-5950-51ed-ab72-15f52e3d4118,F-2-R,11,regional_quota,단양군 기추천 인원: 23 person → 25 person,23 person,25 person,2026-03-03,10,11,quota:단양군:recommended,modified,regional_quota,adjacent_round_only,to_round_publication_date,r11_announcement_2026_8a85727c,0,5,단양 | 36 | 25 | 11,2026-08-23T12:56:59+00:00,auto_extracted,0.98
2efc8570-97a4-5301-8c9f-fcc4219b9159,F-2-R,11,regional_quota,단양군 잔여 인원: 13 person → 11 person,13 person,11 person,2026-03-03,10,11,quota:단양군:remaining,modified,regional_quota,adjacent_round_only,to_round_publication_date,r11_announcement_2026_8a85727c,0,5,단양 | 36 | 25 | 11,2026-08-23T12:56:59+00:00,auto_extracted,0.98
07ffb116-2d92-5d25-91c4-6b674709fb76,F-2-R,11,regional_quota,제천시 기추천 인원: 43 person → 45 person,43 person,45 person,2026-03-03,10,11,quota:제천시:recommended,modified,regional_quota,adjacent_round_only,to_round_publication_date,r11_announcement_2026_8a85727c,0,5,제천 | 75 | 45 | 30,2026-08-23T12:56:59+00:00,auto_extracted,0.98
4eeac058-cf84-5064-b381-20942f7c1846,F-2-R,11,regional_quota,제천시 잔여 인원: 32 person → 30 person,32 person,30 person,2026-03-03,10,11,quota:제천시:remaining,modified,regional_quota,adjacent_round_only,to_round_publication_date,r11_announcement_2026_8a85727c,0,5,제천 | 75 | 45 | 30,2026-08-23T12:56:59+00:00,auto_extracted,0.98
4cc139da-957e-555e-8eac-3aa81c028c6e,F-2-R,12,attachment_form,붙임 서식: 지역특화형 비자 지역우수인재 자체 심사표 삭제,present,,2026-04-13,11,12,form:지역특화형비자지역우수인재자체심사표,removed,attachment_form,adjacent_round_only,to_round_publication_date,r11_attachment_2026_6542ddcd,0,,6. 지역특화형 비자 지역우수인재 자체 심사표 1부.,2026-08-23T12:56:59+00:00,auto_extracted,0.98
38f8b22c-bd6a-5f52-9ca5-9d5b7065afd5,F-2-R,12,regional_quota,괴산군 기추천 인원: 9 person → 14 person,9 person,14 person,2026-04-13,11,12,quota:괴산군:recommended,modified,regional_quota,adjacent_round_only,to_round_publication_date,r12_announcement_2026_ab75a6c7,0,5,괴산 | 30 | 14 | 16,2026-08-23T12:56:59+00:00,auto_extracted,0.98
20f97103-f46a-54c8-a790-092b4b7f6a42,F-2-R,12,regional_quota,괴산군 잔여 인원: 21 person → 16 person,21 person,16 person,2026-04-13,11,12,quota:괴산군:remaining,modified,regional_quota,adjacent_round_only,to_round_publication_date,r12_announcement_2026_ab75a6c7,0,5,괴산 | 30 | 14 | 16,2026-08-23T12:56:59+00:00,auto_extracted,0.98
4d976cbe-6800-5853-a0f4-4304352bb95a,F-2-R,12,regional_quota,단양군 기추천 인원: 25 person → 32 person,25 person,32 person,2026-04-13,11,12,quota:단양군:recommended,modified,regional_quota,adjacent_round_only,to_round_publication_date,r12_announcement_2026_ab75a6c7,0,5,단양 | 36 | 32 | 4,2026-08-23T12:56:59+00:00,auto_extracted,0.98
7e2e82af-8c2b-58fa-bb35-d13d85f54c6c,F-2-R,12,regional_quota,단양군 잔여 인원: 11 person → 4 person,11 person,4 person,2026-04-13,11,12,quota:단양군:remaining,modified,regional_quota,adjacent_round_only,to_round_publication_date,r12_announcement_2026_ab75a6c7,0,5,단양 | 36 | 32 | 4,2026-08-23T12:56:59+00:00,auto_extracted,0.98
c17bf669-84d2-5df8-8659-7e0bec333241,F-2-R,12,regional_quota,보은군 기추천 인원: 26 person → 33 person,26 person,33 person,2026-04-13,11,12,quota:보은군:recommended,modified,regional_quota,adjacent_round_only,to_round_publication_date,r12_announcement_2026_ab75a6c7,0,5,보은 | 60 | 33 | 27,2026-08-23T12:56:59+00:00,auto_extracted,0.98
0ecc07b8-2c0a-5950-8648-9fdd537aab0d,F-2-R,12,regional_quota,보은군 잔여 인원: 34 person → 27 person,34 person,27 person,2026-04-13,11,12,quota:보은군:remaining,modified,regional_quota,adjacent_round_only,to_round_publication_date,r12_announcement_2026_ab75a6c7,0,5,보은 | 60 | 33 | 27,2026-08-23T12:56:59+00:00,auto_extracted,0.98
e62b5b11-c809-51b3-a01a-3ffc3517cd74,F-2-R,12,regional_quota,영동군 기추천 인원: 5 person → 9 person,5 person,9 person,2026-04-13,11,12,quota:영동군:recommended,modified,regional_quota,adjacent_round_only,to_round_publication_date,r12_announcement_2026_ab75a6c7,0,5,영동 | 60 | 9 | 51,2026-08-23T12:56:59+00:00,auto_extracted,0.98
8e9d01cb-e23d-549d-ba6e-462a150673c7,F-2-R,12,regional_quota,영동군 잔여 인원: 55 person → 51 person,55 person,51 person,2026-04-13,11,12,quota:영동군:remaining,modified,regional_quota,adjacent_round_only,to_round_publication_date,r12_announcement_2026_ab75a6c7,0,5,영동 | 60 | 9 | 51,2026-08-23T12:56:59+00:00,auto_extracted,0.98
e4e0740c-9c8a-5c70-9c3a-66ca56ecc10c,F-2-R,12,regional_quota,옥천군 기추천 인원: 12 person → 15 person,12 person,15 person,2026-04-13,11,12,quota:옥천군:recommended,modified,regional_quota,adjacent_round_only,to_round_publication_date,r12_announcement_2026_ab75a6c7,0,5,옥천 | 50 | 15 | 35,2026-08-23T12:56:59+00:00,auto_extracted,0.98
5d4ea78e-f2d7-5264-adf7-80367bf3c868,F-2-R,12,regional_quota,옥천군 잔여 인원: 38 person → 35 person,38 person,35 person,2026-04-13,11,12,quota:옥천군:remaining,modified,regional_quota,adjacent_round_only,to_round_publication_date,r12_announcement_2026_ab75a6c7,0,5,옥천 | 50 | 15 | 35,2026-08-23T12:56:59+00:00,auto_extracted,0.98
faf661db-96bb-5c93-8278-03156bc89d2c,F-2-R,12,regional_quota,제천시 기추천 인원: 45 person → 53 person,45 person,53 person,2026-04-13,11,12,quota:제천시:recommended,modified,regional_quota,adjacent_round_only,to_round_publication_date,r12_announcement_2026_ab75a6c7,0,5,제천 | 75 | 53 | 22,2026-08-23T12:56:59+00:00,auto_extracted,0.98
720f72df-a264-59c4-9b64-0a119debaa1e,F-2-R,12,regional_quota,제천시 잔여 인원: 30 person → 22 person,30 person,22 person,2026-04-13,11,12,quota:제천시:remaining,modified,regional_quota,adjacent_round_only,to_round_publication_date,r12_announcement_2026_ab75a6c7,0,5,제천 | 75 | 53 | 22,2026-08-23T12:56:59+00:00,auto_extracted,0.98
8558c2d3-ec8e-5448-a4df-3890f60a328f,F-2-R,13,regional_quota,괴산군 기추천 인원: 14 person → 15 person,14 person,15 person,2026-05-12,12,13,quota:괴산군:recommended,modified,regional_quota,adjacent_round_only,to_round_publication_date,r13_announcement_2026_905fb908,0,5,괴산 | 30 | 15 | 15,2026-08-23T12:56:59+00:00,auto_extracted,0.98
63f8f3cb-6887-5bbd-8861-18b034fcd777,F-2-R,13,regional_quota,괴산군 잔여 인원: 16 person → 15 person,16 person,15 person,2026-05-12,12,13,quota:괴산군:remaining,modified,regional_quota,adjacent_round_only,to_round_publication_date,r13_announcement_2026_905fb908,0,5,괴산 | 30 | 15 | 15,2026-08-23T12:56:59+00:00,auto_extracted,0.98
de8f6a62-56bf-5758-a1f5-d778a53c5eef,F-2-R,13,regional_quota,단양군 배정 인원: 36 person → 44 person,36 person,44 person,2026-05-12,12,13,quota:단양군:allocated,modified,regional_quota,adjacent_round_only,to_round_publication_date,r13_announcement_2026_905fb908,0,5,단양 | 44 | 29 | 15,2026-08-23T12:56:59+00:00,auto_extracted,0.98
2524f7d4-b963-546d-9ac6-7d30c2a8dbc8,F-2-R,13,regional_quota,단양군 기추천 인원: 32 person → 29 person,32 person,29 person,2026-05-12,12,13,quota:단양군:recommended,modified,regional_quota,adjacent_round_only,to_round_publication_date,r13_announcement_2026_905fb908,0,5,단양 | 44 | 29 | 15,2026-08-23T12:56:59+00:00,auto_extracted,0.98
0225f028-6030-5a25-aab5-525759106698,F-2-R,13,regional_quota,단양군 잔여 인원: 4 person → 15 person,4 person,15 person,2026-05-12,12,13,quota:단양군:remaining,modified,regional_quota,adjacent_round_only,to_round_publication_date,r13_announcement_2026_905fb908,0,5,단양 | 44 | 29 | 15,2026-08-23T12:56:59+00:00,auto_extracted,0.98
e4d3e8a1-134a-57e4-af02-e823645a0d69,F-2-R,13,regional_quota,보은군 배정 인원: 60 person → 70 person,60 person,70 person,2026-05-12,12,13,quota:보은군:allocated,modified,regional_quota,adjacent_round_only,to_round_publication_date,r13_announcement_2026_905fb908,0,5,보은 | 70 | 35 | 35,2026-08-23T12:56:59+00:00,auto_extracted,0.98
d1ba5e29-b157-5f1f-9233-778cab2a7210,F-2-R,13,regional_quota,보은군 기추천 인원: 33 person → 35 person,33 person,35 person,2026-05-12,12,13,quota:보은군:recommended,modified,regional_quota,adjacent_round_only,to_round_publication_date,r13_announcement_2026_905fb908,0,5,보은 | 70 | 35 | 35,2026-08-23T12:56:59+00:00,auto_extracted,0.98
9c696190-3e0e-5f30-958c-2f06fd38d254,F-2-R,13,regional_quota,보은군 잔여 인원: 27 person → 35 person,27 person,35 person,2026-05-12,12,13,quota:보은군:remaining,modified,regional_quota,adjacent_round_only,to_round_publication_date,r13_announcement_2026_905fb908,0,5,보은 | 70 | 35 | 35,2026-08-23T12:56:59+00:00,auto_extracted,0.98
1d339fed-59ab-5829-9528-ded58ecaf6d0,F-2-R,13,regional_quota,영동군 배정 인원: 60 person → 33 person,60 person,33 person,2026-05-12,12,13,quota:영동군:allocated,modified,regional_quota,adjacent_round_only,to_round_publication_date,r13_announcement_2026_905fb908,0,5,영동 | 33 | 9 | 24,2026-08-23T12:56:59+00:00,auto_extracted,0.98
bae25ea5-dda6-5b05-b9d1-8344f08f5bc7,F-2-R,13,regional_quota,영동군 잔여 인원: 51 person → 24 person,51 person,24 person,2026-05-12,12,13,quota:영동군:remaining,modified,regional_quota,adjacent_round_only,to_round_publication_date,r13_announcement_2026_905fb908,0,5,영동 | 33 | 9 | 24,2026-08-23T12:56:59+00:00,auto_extracted,0.98
a9236959-010e-59dc-892e-75cd0f960526,F-2-R,13,regional_quota,옥천군 기추천 인원: 15 person → 14 person,15 person,14 person,2026-05-12,12,13,quota:옥천군:recommended,modified,regional_quota,adjacent_round_only,to_round_publication_date,r13_announcement_2026_905fb908,0,5,옥천 | 50 | 14 | 36,2026-08-23T12:56:59+00:00,auto_extracted,0.98
6d4c237d-4e24-54d6-a29a-393fab045547,F-2-R,13,regional_quota,옥천군 잔여 인원: 35 person → 36 person,35 person,36 person,2026-05-12,12,13,quota:옥천군:remaining,modified,regional_quota,adjacent_round_only,to_round_publication_date,r13_announcement_2026_905fb908,0,5,옥천 | 50 | 14 | 36,2026-08-23T12:56:59+00:00,auto_extracted,0.98
fbd0e04b-210b-5d93-92c3-dc04830327e5,F-2-R,13,regional_quota,제천시 배정 인원: 75 person → 84 person,75 person,84 person,2026-05-12,12,13,quota:제천시:allocated,modified,regional_quota,adjacent_round_only,to_round_publication_date,r13_announcement_2026_905fb908,0,5,제천 | 84 | 47 | 37,2026-08-23T12:56:59+00:00,auto_extracted,0.98
61cfb312-7bf0-52c8-8c9f-36813b4a4dcc,F-2-R,13,regional_quota,제천시 기추천 인원: 53 person → 47 person,53 person,47 person,2026-05-12,12,13,quota:제천시:recommended,modified,regional_quota,adjacent_round_only,to_round_publication_date,r13_announcement_2026_905fb908,0,5,제천 | 84 | 47 | 37,2026-08-23T12:56:59+00:00,auto_extracted,0.98
183ed35e-0391-5899-a14d-e8781e04aaa6,F-2-R,13,regional_quota,제천시 잔여 인원: 22 person → 37 person,22 person,37 person,2026-05-12,12,13,quota:제천시:remaining,modified,regional_quota,adjacent_round_only,to_round_publication_date,r13_announcement_2026_905fb908,0,5,제천 | 84 | 47 | 37,2026-08-23T12:56:59+00:00,auto_extracted,0.98
b165df0c-c1fb-5304-bc6b-5a94e8e64730,F-2-R,14,attachment_form,붙임 서식: 농업회사법인 설립신고확인증 추가,,present,2026-05-26,13,14,form:농업회사법인설립신고확인증,added,attachment_form,adjacent_round_only,to_round_publication_date,r14_attachment_2026_d5a5992f,0,,16. 농업회사법인 설립신고확인증 - 지역활력 소상공인 고용특례 해당할 경우 1부.,2026-08-23T12:56:59+00:00,auto_extracted,0.98
2bdf4629-ab7f-5cf7-a9f6-3e8bad05d7c6,F-2-R,14,attachment_form,붙임 서식: 영농조합법인 설립신고확인증 추가,,present,2026-05-26,13,14,form:영농조합법인설립신고확인증,added,attachment_form,adjacent_round_only,to_round_publication_date,r14_attachment_2026_d5a5992f,0,,15. 영농조합법인 설립신고확인증 - 지역활력 소상공인 고용특례 해당할 경우 1부.,2026-08-23T12:56:59+00:00,auto_extracted,0.98
00b8b456-bc98-5ed4-8169-03aac50536a3,F-2-R,14,attachment_form,붙임 서식: 중소기업 확인서 추가,,present,2026-05-26,13,14,form:중소기업확인서,added,attachment_form,adjacent_round_only,to_round_publication_date,r14_attachment_2026_d5a5992f,0,,14. 중소기업 확인서 - 지역활력 소상공인 고용특례 해당할 경우 1부.,2026-08-23T12:56:59+00:00,auto_extracted,0.98
83602577-764b-5eea-ba0e-69a5356bb01d,F-2-R,14,regional_quota,단양군 기추천 인원: 29 person → 31 person,29 person,31 person,2026-05-26,13,14,quota:단양군:recommended,modified,regional_quota,adjacent_round_only,to_round_publication_date,r14_announcement_2026_57b86220,0,5,단양 | 44 | 31 | 13,2026-08-23T12:56:59+00:00,auto_extracted,0.98
e2085bbe-9a4e-5c6c-84ad-c5b7e5ab2b5b,F-2-R,14,regional_quota,단양군 잔여 인원: 15 person → 13 person,15 person,13 person,2026-05-26,13,14,quota:단양군:remaining,modified,regional_quota,adjacent_round_only,to_round_publication_date,r14_announcement_2026_57b86220,0,5,단양 | 44 | 31 | 13,2026-08-23T12:56:59+00:00,auto_extracted,0.98
f4ad58fd-efc6-56fa-b9ad-35ded9a46527,F-2-R,14,regional_quota,옥천군 기추천 인원: 14 person → 16 person,14 person,16 person,2026-05-26,13,14,quota:옥천군:recommended,modified,regional_quota,adjacent_round_only,to_round_publication_date,r14_announcement_2026_57b86220,0,5,옥천 | 50 | 16 | 34,2026-08-23T12:56:59+00:00,auto_extracted,0.98
eef22038-a4de-5fe6-be0a-39e9828e82d0,F-2-R,14,regional_quota,옥천군 잔여 인원: 36 person → 34 person,36 person,34 person,2026-05-26,13,14,quota:옥천군:remaining,modified,regional_quota,adjacent_round_only,to_round_publication_date,r14_announcement_2026_57b86220,0,5,옥천 | 50 | 16 | 34,2026-08-23T12:56:59+00:00,auto_extracted,0.98
2795320a-e73d-5925-b1fa-09722007f220,F-2-R,14,requirement,특례 F-2-R 허용인원 추가,,1 person,2026-05-18,13,14,requirement:small_business_allowed,added,requirement,adjacent_round_only,explicit_pilot_start_date,r14_announcement_2026_57b86220,0,7,"저임금을 충족하는 3개월 이상 고용보험에 가입된 인원 / - (허용인원 산정 기준) 허용계산 값의 소수점 이하는 올림하며, 지역특화 우수인재(F-2-R) 체류자격을 가진 사람만 외국인 고용인원으로 산정 / ❍ (지역활력 소상공인 고용특례) 내국인 고용이 어려운 인구감소지역 기업의 고용애로를 감안하여, 다음의 고용특례 기준을 모두 충족하는 기업은 내국인 고용인원이 없더라도 지역특화형 우수인재(F-2-R) 1명 고용 허용 / ① (기간) ’26. 5. 18. ~ ’27. 12. 31. (※ 시범운영 후 정식 제도화 여부 결정) / ② (대상) 소상공인* 또는 농업법인** / * ｢소상공인기본법｣ 제2조에 따른 소기업 중 “소상공인”으로, ‘중소기업(소상공인) 확인서(중기부장관 발급)’로 확인 / ** ｢농어업경영체 육성 및 지원에 관한 법률｣에 따른 영농조합법인 및 농업회사법인으로, ‘농업회사법인(영농조합법",2026-08-23T12:56:59+00:00,auto_extracted,0.98
461c22b7-1e34-5ef7-8481-5d3d71f24e75,F-2-R,14,requirement,지역활력 소상공인 고용특례 추가,,present,2026-05-18,13,14,requirement:small_business_exception,added,requirement,adjacent_round_only,explicit_pilot_start_date,r14_announcement_2026_57b86220,0,7,"이상 취득 / 바. 고용주 요건 / ❍ (세금체납 관련) 고용업체에 세금(국세, 지방세) 체납 사실이 없을 것 / ❍ (고용가능인원) 내국인 고용인원 규모에 따라 차등적용 / * 최저임금을 충족하는 3개월 이상 고용보험에 가입된 인원 / - (허용인원 산정 기준) 허용계산 값의 소수점 이하는 올림하며, 지역특화 우수인재(F-2-R) 체류자격을 가진 사람만 외국인 고용인원으로 산정 / ❍ (지역활력 소상공인 고용특례) 내국인 고용이 어려운 인구감소지역 기업의 고용애로를 감안하여, 다음의 고용특례 기준을 모두 충족하는 기업은 내국인 고용인원이 없더라도 지역특화형 우수인재(F-2-R) 1명 고용 허용 / ① (기간) ’26. 5. 18. ~ ’27. 12. 31. (※ 시범운영 후 정식 제도화 여부 결정) / ② (대상) 소상공인* 또는 농업법인** / * ｢소상공인기본법｣ 제2조에 따른 소기업 중 “소상",2026-08-23T12:56:59+00:00,auto_extracted,0.98
d194000c-f06c-514c-bbc5-798f2aaebcd9,F-2-R,14,requirement,특례 최소 매출액 추가,,"100,000,000 KRW/year",2026-05-18,13,14,requirement:small_business_sales,added,requirement,adjacent_round_only,explicit_pilot_start_date,r14_announcement_2026_57b86220,0,7,"발급)’으로 확인 / ③ (업종) 소상공인은 제조업(10~34), 도·소매업(45~47), 음식점업(561)*에 한정, 농업법인은 업종에 관계없이 허용 / * 한국표준산업분류에 따른 대분류 기준이며, 음식점업은 소분류 기준으로 ‘주점 및 비알코올 음료점업(562)’를 제외한 ‘음식점업(561)’만 허용 / ④ (업력) 사업 운영기간 3년 이상(사업개시일로부터 3년 이상) / ⑤ (매출액) 전년도 매출액 1억원 이상 / ※ 단, 전년도 매출액 1억원 미만이더라도 2년 간 평균액이 1억원 이상이면 허용 /  고용주가 아래의 경우에 해당하지 않을 것 / ① 아래 법률의 위반으로 금고 이상의 형 선고·집행유예 선고 또는 500만원 이상의 벌금형 선고나 범칙금 처분을 받은 자 / - 형의 집행이 종료되거나 집행을 받지 아니하기로 한 날, 집행유예를 선고받고 그 판결이 확정된 날 또는 벌금이나 범칙금을 납부한",2026-08-23T12:56:59+00:00,auto_extracted,0.98
baa85a3e-e6bd-555a-80d7-5bfdc5b7b080,F-2-R,14,requirement,특례 최소 업력 추가,,3 year,2026-05-18,13,14,requirement:small_business_years,added,requirement,adjacent_round_only,explicit_pilot_start_date,r14_announcement_2026_57b86220,0,7,"업회사법인으로, ‘농업회사법인(영농조합법인) 설립신고확인증(시·군·구청장 발급)’으로 확인 / ③ (업종) 소상공인은 제조업(10~34), 도·소매업(45~47), 음식점업(561)*에 한정, 농업법인은 업종에 관계없이 허용 / * 한국표준산업분류에 따른 대분류 기준이며, 음식점업은 소분류 기준으로 ‘주점 및 비알코올 음료점업(562)’를 제외한 ‘음식점업(561)’만 허용 / ④ (업력) 사업 운영기간 3년 이상(사업개시일로부터 3년 이상) / ⑤ (매출액) 전년도 매출액 1억원 이상 / ※ 단, 전년도 매출액 1억원 미만이더라도 2년 간 평균액이 1억원 이상이면 허용 /  고용주가 아래의 경우에 해당하지 않을 것 / ① 아래 법률의 위반으로 금고 이상의 형 선고·집행유예 선고 또는 500만원 이상의 벌금형 선고나 범칙금 처분을 받은 자 / - 형의 집행이 종료되거나 집행을 받지 아니하기로 한 날",2026-08-23T12:56:59+00:00,auto_extracted,0.98
b9197613-e424-562c-80c1-31b70ff909ef,F-2-R,15,regional_quota,단양군 기추천 인원: 31 person → 33 person,31 person,33 person,2026-06-09,14,15,quota:단양군:recommended,modified,regional_quota,adjacent_round_only,to_round_publication_date,r15_announcement_2026_ac5296f0,0,5,단양 | 44 | 33 | 11,2026-08-23T12:56:59+00:00,auto_extracted,0.98
9c7eb537-3801-50b8-8d8e-494596997579,F-2-R,15,regional_quota,단양군 잔여 인원: 13 person → 11 person,13 person,11 person,2026-06-09,14,15,quota:단양군:remaining,modified,regional_quota,adjacent_round_only,to_round_publication_date,r15_announcement_2026_ac5296f0,0,5,단양 | 44 | 33 | 11,2026-08-23T12:56:59+00:00,auto_extracted,0.98
52a53ba5-d928-54c5-8d5a-626fa82fd153,F-2-R,15,regional_quota,보은군 기추천 인원: 35 person → 37 person,35 person,37 person,2026-06-09,14,15,quota:보은군:recommended,modified,regional_quota,adjacent_round_only,to_round_publication_date,r15_announcement_2026_ac5296f0,0,5,보은 | 70 | 37 | 33,2026-08-23T12:56:59+00:00,auto_extracted,0.98
33180aea-c05f-5c4e-b967-b71dca7e7590,F-2-R,15,regional_quota,보은군 잔여 인원: 35 person → 33 person,35 person,33 person,2026-06-09,14,15,quota:보은군:remaining,modified,regional_quota,adjacent_round_only,to_round_publication_date,r15_announcement_2026_ac5296f0,0,5,보은 | 70 | 37 | 33,2026-08-23T12:56:59+00:00,auto_extracted,0.98
5644bd71-1ae9-511d-9571-781ee49225d9,F-2-R,15,regional_quota,제천시 기추천 인원: 47 person → 48 person,47 person,48 person,2026-06-09,14,15,quota:제천시:recommended,modified,regional_quota,adjacent_round_only,to_round_publication_date,r15_announcement_2026_ac5296f0,0,5,제천 | 84 | 48 | 36,2026-08-23T12:56:59+00:00,auto_extracted,0.98
ea35c878-3f60-5460-b16f-f46d94f6f1b2,F-2-R,15,regional_quota,제천시 잔여 인원: 37 person → 36 person,37 person,36 person,2026-06-09,14,15,quota:제천시:remaining,modified,regional_quota,adjacent_round_only,to_round_publication_date,r15_announcement_2026_ac5296f0,0,5,제천 | 84 | 48 | 36,2026-08-23T12:56:59+00:00,auto_extracted,0.98
e24da747-aa63-5277-bce9-628b64dd0f43,F-2-R,16,regional_quota,괴산군 기추천 인원: 15 person → 16 person,15 person,16 person,2026-07-08,15,16,quota:괴산군:recommended,modified,regional_quota,adjacent_round_only,to_round_publication_date,r16_announcement_2026_0168a48f,0,5,괴산 | 30 | 16 | 14,2026-08-23T12:56:59+00:00,auto_extracted,0.98
a3437e7e-feb7-516a-9875-64ed78b8bf8d,F-2-R,16,regional_quota,괴산군 잔여 인원: 15 person → 14 person,15 person,14 person,2026-07-08,15,16,quota:괴산군:remaining,modified,regional_quota,adjacent_round_only,to_round_publication_date,r16_announcement_2026_0168a48f,0,5,괴산 | 30 | 16 | 14,2026-08-23T12:56:59+00:00,auto_extracted,0.98
502f851c-4468-5c23-a9b7-e16109453d31,F-2-R,16,regional_quota,단양군 기추천 인원: 33 person → 34 person,33 person,34 person,2026-07-08,15,16,quota:단양군:recommended,modified,regional_quota,adjacent_round_only,to_round_publication_date,r16_announcement_2026_0168a48f,0,5,단양 | 44 | 34 | 10,2026-08-23T12:56:59+00:00,auto_extracted,0.98
6bad9d0d-645e-5d03-8c65-f68aec9ca644,F-2-R,16,regional_quota,단양군 잔여 인원: 11 person → 10 person,11 person,10 person,2026-07-08,15,16,quota:단양군:remaining,modified,regional_quota,adjacent_round_only,to_round_publication_date,r16_announcement_2026_0168a48f,0,5,단양 | 44 | 34 | 10,2026-08-23T12:56:59+00:00,auto_extracted,0.98
f308b035-2539-5bd2-a068-bdc03155714d,F-2-R,16,regional_quota,보은군 기추천 인원: 37 person → 40 person,37 person,40 person,2026-07-08,15,16,quota:보은군:recommended,modified,regional_quota,adjacent_round_only,to_round_publication_date,r16_announcement_2026_0168a48f,0,5,보은 | 70 | 40 | 30,2026-08-23T12:56:59+00:00,auto_extracted,0.98
0bfec23c-294b-59a6-ae5b-7958a1880560,F-2-R,16,regional_quota,보은군 잔여 인원: 33 person → 30 person,33 person,30 person,2026-07-08,15,16,quota:보은군:remaining,modified,regional_quota,adjacent_round_only,to_round_publication_date,r16_announcement_2026_0168a48f,0,5,보은 | 70 | 40 | 30,2026-08-23T12:56:59+00:00,auto_extracted,0.98
3ee1930a-d9e0-5d67-bc5c-6683c6cd7140,F-2-R,16,regional_quota,옥천군 기추천 인원: 16 person → 17 person,16 person,17 person,2026-07-08,15,16,quota:옥천군:recommended,modified,regional_quota,adjacent_round_only,to_round_publication_date,r16_announcement_2026_0168a48f,0,5,옥천 | 50 | 17 | 33,2026-08-23T12:56:59+00:00,auto_extracted,0.98
f04279bf-1fd3-5fb0-85cb-72a96a2fc0b0,F-2-R,16,regional_quota,옥천군 잔여 인원: 34 person → 33 person,34 person,33 person,2026-07-08,15,16,quota:옥천군:remaining,modified,regional_quota,adjacent_round_only,to_round_publication_date,r16_announcement_2026_0168a48f,0,5,옥천 | 50 | 17 | 33,2026-08-23T12:56:59+00:00,auto_extracted,0.98
42a8d363-dbcc-5abd-9aab-86342dccefd7,F-2-R,17,regional_quota,괴산군 기추천 인원: 16 person → 17 person,16 person,17 person,2026-08-03,16,17,quota:괴산군:recommended,modified,regional_quota,adjacent_round_only,to_round_publication_date,r17_announcement_2026_df1fdde9,0,5,괴산 | 30 | 17 | 13,2026-08-23T12:56:59+00:00,auto_extracted,0.98
c26c411d-9268-524b-9fc5-ba75cb25ef18,F-2-R,17,regional_quota,괴산군 잔여 인원: 14 person → 13 person,14 person,13 person,2026-08-03,16,17,quota:괴산군:remaining,modified,regional_quota,adjacent_round_only,to_round_publication_date,r17_announcement_2026_df1fdde9,0,5,괴산 | 30 | 17 | 13,2026-08-23T12:56:59+00:00,auto_extracted,0.98
a17e6c2d-02db-56b1-87fc-8aa5b57d28f0,F-2-R,17,regional_quota,단양군 기추천 인원: 34 person → 36 person,34 person,36 person,2026-08-03,16,17,quota:단양군:recommended,modified,regional_quota,adjacent_round_only,to_round_publication_date,r17_announcement_2026_df1fdde9,0,5,단양 | 44 | 36 | 8,2026-08-23T12:56:59+00:00,auto_extracted,0.98
42f44ba3-c975-59aa-98ba-1ba2d170c7b6,F-2-R,17,regional_quota,단양군 잔여 인원: 10 person → 8 person,10 person,8 person,2026-08-03,16,17,quota:단양군:remaining,modified,regional_quota,adjacent_round_only,to_round_publication_date,r17_announcement_2026_df1fdde9,0,5,단양 | 44 | 36 | 8,2026-08-23T12:56:59+00:00,auto_extracted,0.98
641eda53-3c8e-5746-ad99-9c513138d93c,F-2-R,17,regional_quota,보은군 기추천 인원: 40 person → 41 person,40 person,41 person,2026-08-03,16,17,quota:보은군:recommended,modified,regional_quota,adjacent_round_only,to_round_publication_date,r17_announcement_2026_df1fdde9,0,5,보은 | 70 | 41 | 29,2026-08-23T12:56:59+00:00,auto_extracted,0.98
942e7655-766b-5453-8c3b-e9b849925fcf,F-2-R,17,regional_quota,보은군 잔여 인원: 30 person → 29 person,30 person,29 person,2026-08-03,16,17,quota:보은군:remaining,modified,regional_quota,adjacent_round_only,to_round_publication_date,r17_announcement_2026_df1fdde9,0,5,보은 | 70 | 41 | 29,2026-08-23T12:56:59+00:00,auto_extracted,0.98
de53b977-12f6-5046-a3b6-396e649eec4e,F-2-R,17,regional_quota,옥천군 기추천 인원: 17 person → 24 person,17 person,24 person,2026-08-03,16,17,quota:옥천군:recommended,modified,regional_quota,adjacent_round_only,to_round_publication_date,r17_announcement_2026_df1fdde9,0,5,옥천 | 50 | 24 | 26,2026-08-23T12:56:59+00:00,auto_extracted,0.98
b7205094-97d0-59ee-a6a3-4c69b4bb309a,F-2-R,17,regional_quota,옥천군 잔여 인원: 33 person → 26 person,33 person,26 person,2026-08-03,16,17,quota:옥천군:remaining,modified,regional_quota,adjacent_round_only,to_round_publication_date,r17_announcement_2026_df1fdde9,0,5,옥천 | 50 | 24 | 26,2026-08-23T12:56:59+00:00,auto_extracted,0.98
0b839aec-b581-5977-b2a0-2c7ff2d15261,F-2-R,17,regional_quota,제천시 기추천 인원: 48 person → 51 person,48 person,51 person,2026-08-03,16,17,quota:제천시:recommended,modified,regional_quota,adjacent_round_only,to_round_publication_date,r17_announcement_2026_df1fdde9,0,5,제천 | 84 | 51 | 33,2026-08-23T12:56:59+00:00,auto_extracted,0.98
eb3261c2-49ab-5938-aaaa-80cf4779b63d,F-2-R,17,regional_quota,제천시 잔여 인원: 36 person → 33 person,36 person,33 person,2026-08-03,16,17,quota:제천시:remaining,modified,regional_quota,adjacent_round_only,to_round_publication_date,r17_announcement_2026_df1fdde9,0,5,제천 | 84 | 51 | 33,2026-08-23T12:56:59+00:00,auto_extracted,0.98
df56bacd-9ded-5b80-b7c9-658eed771aee,F-2-R,17,requirement,사회통합프로그램 이수 단계: 4 level → 3 level,4 level,3 level,2026-08-03,16,17,requirement:kiip,modified,requirement,adjacent_round_only,to_round_publication_date,r17_announcement_2026_df1fdde9,0,7,"우 / ⑤ 최근 3년 이내에 3회 이상 범칙금 처분을 받은 경우 / ⑥ 「출입국관리법」 제11조 제1항에서 정한 입국금지 대상자 /  (준법 시민교육) 지역특화형 우수인재 자격변경 및 연장 허가 예정자 중 국내법 위반 사실이 확인된 자(위 품행 단정 요건 결격사유 해당자 제외) / ※ 준법 시민교육 관련 세부사항 및 신청절차【붙임7】참조 / 마. 기본소양 (하나만 구비 하면 족함) /  사회통합프로그램 3단계 이상 이수(사전평가에서 4단계 이상 배정 포함) /  한국어능력시험(TOPIK) 3급 이상 취득 / 바. 고용주 요건 / ❍ (세금체납 관련) 고용업체에 세금(국세, 지방세) 체납 사실이 없을 것 / ❍ (고용가능인원) 내국인 고용인원 규모에 따라 차등적용 / * 최저임금을 충족하는 3개월 이상 고용보험에 가입된 인원 / - (허용인원 산정 기준) 허용계산 값의 소수점 이하는 올림하며,",2026-08-23T12:56:59+00:00,auto_extracted,0.98
91f820c9-1a75-590d-bde0-706a9605dd0b,F-2-R,17,requirement,사회통합프로그램 사전평가 배정 단계: 5 level → 4 level,5 level,4 level,2026-08-03,16,17,requirement:preassessment,modified,requirement,adjacent_round_only,to_round_publication_date,r17_announcement_2026_df1fdde9,0,7,"이상 범칙금 처분을 받은 경우 / ⑥ 「출입국관리법」 제11조 제1항에서 정한 입국금지 대상자 /  (준법 시민교육) 지역특화형 우수인재 자격변경 및 연장 허가 예정자 중 국내법 위반 사실이 확인된 자(위 품행 단정 요건 결격사유 해당자 제외) / ※ 준법 시민교육 관련 세부사항 및 신청절차【붙임7】참조 / 마. 기본소양 (하나만 구비 하면 족함) /  사회통합프로그램 3단계 이상 이수(사전평가에서 4단계 이상 배정 포함) /  한국어능력시험(TOPIK) 3급 이상 취득 / 바. 고용주 요건 / ❍ (세금체납 관련) 고용업체에 세금(국세, 지방세) 체납 사실이 없을 것 / ❍ (고용가능인원) 내국인 고용인원 규모에 따라 차등적용 / * 최저임금을 충족하는 3개월 이상 고용보험에 가입된 인원 / - (허용인원 산정 기준) 허용계산 값의 소수점 이하는 올림하며, 지역특화 우수인재(F-2-R)",2026-08-23T12:56:59+00:00,auto_extracted,0.98
fee5d6e7-2150-584c-acd0-3b9e7d09bf36,F-2-R,17,requirement,TOPIK 등급: 4 grade → 3 grade,4 grade,3 grade,2026-08-03,16,17,requirement:topik,modified,requirement,adjacent_round_only,to_round_publication_date,r17_announcement_2026_df1fdde9,0,7,"조 제1항에서 정한 입국금지 대상자 /  (준법 시민교육) 지역특화형 우수인재 자격변경 및 연장 허가 예정자 중 국내법 위반 사실이 확인된 자(위 품행 단정 요건 결격사유 해당자 제외) / ※ 준법 시민교육 관련 세부사항 및 신청절차【붙임7】참조 / 마. 기본소양 (하나만 구비 하면 족함) /  사회통합프로그램 3단계 이상 이수(사전평가에서 4단계 이상 배정 포함) /  한국어능력시험(TOPIK) 3급 이상 취득 / 바. 고용주 요건 / ❍ (세금체납 관련) 고용업체에 세금(국세, 지방세) 체납 사실이 없을 것 / ❍ (고용가능인원) 내국인 고용인원 규모에 따라 차등적용 / * 최저임금을 충족하는 3개월 이상 고용보험에 가입된 인원 / - (허용인원 산정 기준) 허용계산 값의 소수점 이하는 올림하며, 지역특화 우수인재(F-2-R) 체류자격을 가진 사람만 외국인 고용인원으로 산정 / ❍ (",2026-08-23T12:56:59+00:00,auto_extracted,0.98
