criteria_id,visa_id,group_id,requirement_type,criteria_name,criteria_type,comparison_operator,value_number,value_text,unit,threshold_value,point_value,special_case_note,value_status,display_order,valid_from,valid_to,source_document_id,source_section,source_block_index,source_table_index,source_text,source_round,fill_strategy,date_basis,extracted_at,last_verified_at,extraction_status,confidence
2a9238b5-4aa5-582a-953a-ee817ffa34c8,78dca2d7-f771-553a-b788-46c9ff56d633,2e0d717c-ad6e-518c-8f00-b1159b80616c,applicant_status,E-7-4 체류기간,binary,>=,2.0,,year,E-7-4 자격변경 후 2년 이상,,공고가 별도로 허용한 경로,present,10,,,r17_announcement_2026_df1fdde9,0,40,7,"1. 대상 : / ※ 유의사항 : 아래 대상은 다음 기준에 따라 F-2-R 자격변경 허용 / - (숙련기능인력, E-7-4) 숙련기능인력(E-7-4)으로 자격변경 후 2년 이상 경과하고 다음의 어느 하나에 해당되는 사람 / · 현 근무처에서 계속 근무할 예정인 사람 / · 현 근무처 고용계약이 종료되었거나* 3개월 이내 종료 예정인 사람 / * 숙련기능인력(E-7-4)으로 2년 이상 체류하고 구직(D-10) 자격으로 변경한 사람도 포함 / - (지역특화형 숙련기능인력, E-7-4R) 지역특화형 숙련기능인력(E-7-4R)으로 자격변경 후 3년 이상 경과하고 인구감소지역에 거주하는 사람 / 2. 자격 요건 ※ (기본요건) 충족지자체 개별요건",17,latest,not_explicit_in_source,2026-08-15T03:40:11+00:00,2026-08-15,reviewed,0.99
e6d7166a-7ebe-5c9b-bc60-0131d276d9d5,78dca2d7-f771-553a-b788-46c9ff56d633,2e0d717c-ad6e-518c-8f00-b1159b80616c,applicant_status,E-7-4 현 근무처 계속 근무,binary,=,,continue_current_workplace,,현 근무처에서 계속 근무 예정,,,present,11,,,r17_announcement_2026_df1fdde9,0,40,7,"1. 대상 : / ※ 유의사항 : 아래 대상은 다음 기준에 따라 F-2-R 자격변경 허용 / - (숙련기능인력, E-7-4) 숙련기능인력(E-7-4)으로 자격변경 후 2년 이상 경과하고 다음의 어느 하나에 해당되는 사람 / · 현 근무처에서 계속 근무할 예정인 사람 / · 현 근무처 고용계약이 종료되었거나* 3개월 이내 종료 예정인 사람 / * 숙련기능인력(E-7-4)으로 2년 이상 체류하고 구직(D-10) 자격으로 변경한 사람도 포함 / - (지역특화형 숙련기능인력, E-7-4R) 지역특화형 숙련기능인력(E-7-4R)으로 자격변경 후 3년 이상 경과하고 인구감소지역에 거주하는 사람 / 2. 자격 요건 ※ (기본요건) 충족지자체 개별요건 참고) / 가. 학력/소득 (두 요건 중 하나만 구비 하면 족함) / 1) 학력 /",17,latest,not_explicit_in_source,2026-08-15T03:40:11+00:00,2026-08-15,reviewed,0.99
e9aba827-5cda-5bdc-a82b-055fe7ccd15a,78dca2d7-f771-553a-b788-46c9ff56d633,2e0d717c-ad6e-518c-8f00-b1159b80616c,applicant_status,E-7-4 계약 종료 경로,binary,<=,3.0,,month,현 계약 종료 또는 3개월 이내 종료 예정,,,present,12,,,r17_announcement_2026_df1fdde9,0,40,7,"1. 대상 : / ※ 유의사항 : 아래 대상은 다음 기준에 따라 F-2-R 자격변경 허용 / - (숙련기능인력, E-7-4) 숙련기능인력(E-7-4)으로 자격변경 후 2년 이상 경과하고 다음의 어느 하나에 해당되는 사람 / · 현 근무처에서 계속 근무할 예정인 사람 / · 현 근무처 고용계약이 종료되었거나* 3개월 이내 종료 예정인 사람 / * 숙련기능인력(E-7-4)으로 2년 이상 체류하고 구직(D-10) 자격으로 변경한 사람도 포함 / - (지역특화형 숙련기능인력, E-7-4R) 지역특화형 숙련기능인력(E-7-4R)으로 자격변경 후 3년 이상 경과하고 인구감소지역에 거주하는 사람 / 2. 자격 요건 ※ (기본요건) 충족지자체 개별요건 참고) / 가. 학력/소득 (두 요건 중 하나만 구비 하면 족함) / 1) 학력 /  국내 전문학사 이상의 학위 취득자 또는 전문대학 이상 졸업예정자",17,latest,not_explicit_in_source,2026-08-15T03:40:11+00:00,2026-08-15,reviewed,0.99
02666ce3-947e-540d-b86f-7a80fe14d699,78dca2d7-f771-553a-b788-46c9ff56d633,2e0d717c-ad6e-518c-8f00-b1159b80616c,applicant_status,E-7-4 후 D-10 포함,binary,IN,,D-10,,E-7-4로 2년 이상 체류 후 D-10 변경자 포함,,,present,13,,,r17_announcement_2026_df1fdde9,0,40,7,"1. 대상 : / ※ 유의사항 : 아래 대상은 다음 기준에 따라 F-2-R 자격변경 허용 / - (숙련기능인력, E-7-4) 숙련기능인력(E-7-4)으로 자격변경 후 2년 이상 경과하고 다음의 어느 하나에 해당되는 사람 / · 현 근무처에서 계속 근무할 예정인 사람 / · 현 근무처 고용계약이 종료되었거나* 3개월 이내 종료 예정인 사람 / * 숙련기능인력(E-7-4)으로 2년 이상 체류하고 구직(D-10) 자격으로 변경한 사람도 포함 / - (지역특화형 숙련기능인력, E-7-4R) 지역특화형 숙련기능인력(E-7-4R)으로 자격변경 후 3년 이상 경과하고 인구감소지역에 거주하는 사람 / 2. 자격 요건 ※ (기본요건) 충족지자체 개별요건 참고) / 가. 학력/소득 (두 요건 중 하나만 구비 하면 족함) / 1) 학력 /  국내 전문학사 이상의 학위 취득자 또는 전문대학 이상 졸업예정자 / - (국내 전문학사 이상 학위 취득자) ｢외국인 유학생 사증발급 및 체류관리 지침｣에 따른 유학(D-2",17,latest,not_explicit_in_source,2026-08-15T03:40:11+00:00,2026-08-15,reviewed,0.99
cbd4531a-0814-58af-840c-689a718a73ac,78dca2d7-f771-553a-b788-46c9ff56d633,2e0d717c-ad6e-518c-8f00-b1159b80616c,applicant_status,E-7-4R 체류기간·거주,binary,>=,3.0,,year,E-7-4R 자격변경 후 3년 이상 및 인구감소지역 거주,,,present,14,,,r17_announcement_2026_df1fdde9,0,40,7,"의사항 : 아래 대상은 다음 기준에 따라 F-2-R 자격변경 허용 / - (숙련기능인력, E-7-4) 숙련기능인력(E-7-4)으로 자격변경 후 2년 이상 경과하고 다음의 어느 하나에 해당되는 사람 / · 현 근무처에서 계속 근무할 예정인 사람 / · 현 근무처 고용계약이 종료되었거나* 3개월 이내 종료 예정인 사람 / * 숙련기능인력(E-7-4)으로 2년 이상 체류하고 구직(D-10) 자격으로 변경한 사람도 포함 / - (지역특화형 숙련기능인력, E-7-4R) 지역특화형 숙련기능인력(E-7-4R)으로 자격변경 후 3년 이상 경과하고 인구감소지역에 거주하는 사람 / 2. 자격 요건 ※ (기본요건) 충족지자체 개별요건 참고) / 가. 학력/소득 (두 요건 중 하나만 구비 하면 족함) / 1) 학력 /  국내 전문학사 이상의 학위 취득자 또는 전문대학 이상 졸업예정자 / - (국내 전문학사 이상 학위 취득자) ｢외국인 유학생 사증발급 및 체류관리 지침｣에 따른 유학(D-2) 체류자격의 대상 교육기관에 입학하여 국내에서 2년 이상 체류하며 학칙으로 정하는 과정을 마치고 전문학사 이상의 학위를 취득한 경우에 한함",17,latest,not_explicit_in_source,2026-08-15T03:40:11+00:00,2026-08-15,reviewed,0.99
df3a97c7-1832-5a27-addf-b33dfb0f9b3a,78dca2d7-f771-553a-b788-46c9ff56d633,959362ca-66e2-5f16-b643-549019cd0a47,education,국내 학력,binary,IN,,associate_degree_or_expected,,국내 전문학사 이상 학위 취득 또는 전문대학 이상 졸업예정,,,present,20,,,r17_announcement_2026_df1fdde9,0,40,7,"· 현 근무처 고용계약이 종료되었거나* 3개월 이내 종료 예정인 사람 / * 숙련기능인력(E-7-4)으로 2년 이상 체류하고 구직(D-10) 자격으로 변경한 사람도 포함 / - (지역특화형 숙련기능인력, E-7-4R) 지역특화형 숙련기능인력(E-7-4R)으로 자격변경 후 3년 이상 경과하고 인구감소지역에 거주하는 사람 / 2. 자격 요건 ※ (기본요건) 충족지자체 개별요건 참고) / 가. 학력/소득 (두 요건 중 하나만 구비 하면 족함) / 1) 학력 /  국내 전문학사 이상의 학위 취득자 또는 전문대학 이상 졸업예정자 / - (국내 전문학사 이상 학위 취득자) ｢외국인 유학생 사증발급 및 체류관리 지침｣에 따른 유학(D-2) 체류자격의 대상 교육기관에 입학하여 국내에서 2년 이상 체류하며 학칙으로 정하는 과정을 마치고 전문학사 이상의 학위를 취득한 경우에 한함 / - (전문대학 이상 졸업예정자) 신청일로부터 6개월 이내 국내 전문대학 이상의 대학을 졸업하고 전문학사 이상 학위를 취득(국내에서 2년 이상 체류하며 학칙으로 정하는 과정을 마치고 전문학사 이상의 학위를 취득하는",17,latest,not_explicit_in_source,2026-08-15T03:40:11+00:00,2026-08-15,reviewed,0.99
9b1688a1-763b-54da-95ef-38d3cb326797,78dca2d7-f771-553a-b788-46c9ff56d633,959362ca-66e2-5f16-b643-549019cd0a47,education,국내 교육과정 체류,binary,>=,2.0,,year,대상 교육기관에서 국내 2년 이상 체류하며 과정 이수,,,present,21,,,r17_announcement_2026_df1fdde9,0,40,7,"7-4R) 지역특화형 숙련기능인력(E-7-4R)으로 자격변경 후 3년 이상 경과하고 인구감소지역에 거주하는 사람 / 2. 자격 요건 ※ (기본요건) 충족지자체 개별요건 참고) / 가. 학력/소득 (두 요건 중 하나만 구비 하면 족함) / 1) 학력 /  국내 전문학사 이상의 학위 취득자 또는 전문대학 이상 졸업예정자 / - (국내 전문학사 이상 학위 취득자) ｢외국인 유학생 사증발급 및 체류관리 지침｣에 따른 유학(D-2) 체류자격의 대상 교육기관에 입학하여 국내에서 2년 이상 체류하며 학칙으로 정하는 과정을 마치고 전문학사 이상의 학위를 취득한 경우에 한함 / - (전문대학 이상 졸업예정자) 신청일로부터 6개월 이내 국내 전문대학 이상의 대학을 졸업하고 전문학사 이상 학위를 취득(국내에서 2년 이상 체류하며 학칙으로 정하는 과정을 마치고 전문학사 이상의 학위를 취득하는 경우에 한함)할 예정인 사람으로서 자격변경 신청 시 졸업예정증명서*를 제출하여야 하며, 최초 체류기간 연장 시 학위증 등 입증서류를 제출하여야 함 / * 대학 총장 또는 학과장 명의의 문서로서 ①증명서 발급 당시 졸업요건을 모두 갖추",17,latest,not_explicit_in_source,2026-08-15T03:40:11+00:00,2026-08-15,reviewed,0.99
f565e333-063e-5873-bba6-2576093b0698,78dca2d7-f771-553a-b788-46c9ff56d633,959362ca-66e2-5f16-b643-549019cd0a47,education,졸업예정 기한,binary,<=,6.0,,month,신청일부터 6개월 이내 졸업·학위 취득 예정,,,present,22,,,r17_announcement_2026_df1fdde9,0,40,7,"기본요건) 충족지자체 개별요건 참고) / 가. 학력/소득 (두 요건 중 하나만 구비 하면 족함) / 1) 학력 /  국내 전문학사 이상의 학위 취득자 또는 전문대학 이상 졸업예정자 / - (국내 전문학사 이상 학위 취득자) ｢외국인 유학생 사증발급 및 체류관리 지침｣에 따른 유학(D-2) 체류자격의 대상 교육기관에 입학하여 국내에서 2년 이상 체류하며 학칙으로 정하는 과정을 마치고 전문학사 이상의 학위를 취득한 경우에 한함 / - (전문대학 이상 졸업예정자) 신청일로부터 6개월 이내 국내 전문대학 이상의 대학을 졸업하고 전문학사 이상 학위를 취득(국내에서 2년 이상 체류하며 학칙으로 정하는 과정을 마치고 전문학사 이상의 학위를 취득하는 경우에 한함)할 예정인 사람으로서 자격변경 신청 시 졸업예정증명서*를 제출하여야 하며, 최초 체류기간 연장 시 학위증 등 입증서류를 제출하여야 함 / * 대학 총장 또는 학과장 명의의 문서로서 ①증명서 발급 당시 졸업요건을 모두 갖추었음이 대학 대표자 명의로 확인되고, ②학위 수여 날짜가 확정되어 문서에 기재되어야 함(유학생의 졸업이 취소될",17,latest,not_explicit_in_source,2026-08-15T03:40:11+00:00,2026-08-15,reviewed,0.99
3d482d2f-83a6-542f-bf97-06cf466d4df2,78dca2d7-f771-553a-b788-46c9ff56d633,959362ca-66e2-5f16-b643-549019cd0a47,income,연간 생활임금 이상,binary,>=,30539916.0,,KRW/year,"연 30,539,916원 이상",,,present,30,2026-01-01,,r17_announcement_2026_df1fdde9,0,30,,"- ‘26년도 충북도 생활임금(연 30,539,916원) 이상",17,latest,2026 annual living-wage standard,2026-08-15T03:40:11+00:00,2026-08-15,reviewed,0.99
f3fcd8d6-afcc-5018-ac81-759c6339984e,78dca2d7-f771-553a-b788-46c9ff56d633,959362ca-66e2-5f16-b643-549019cd0a47,income,소득 인정 주체,binary,=,,applicant_only,,신청인 본인 소득만 인정,,,present,31,,,r17_announcement_2026_df1fdde9,0,40,7,"을 마치고 전문학사 이상의 학위를 취득하는 경우에 한함)할 예정인 사람으로서 자격변경 신청 시 졸업예정증명서*를 제출하여야 하며, 최초 체류기간 연장 시 학위증 등 입증서류를 제출하여야 함 / * 대학 총장 또는 학과장 명의의 문서로서 ①증명서 발급 당시 졸업요건을 모두 갖추었음이 대학 대표자 명의로 확인되고, ②학위 수여 날짜가 확정되어 문서에 기재되어야 함(유학생의 졸업이 취소될 가능성이 없어 졸업 및 그 날짜가 확정적일 것) / 2) 소득 /  (주체) 신청인(본인) 소득만 인정 /  (기준) 신청일 기준 연간 소득*이 추천서를 발급하는 광역** 이상 / * 신청일 기준 전년도 1. 1. ~ 12. 31.까지의 연간 소득을 말하며, 전년도 소득금액증명 등 공적 증명서류가 발급되기 전의 시기에는 전전년도의 연간 소득금액 기준 / ** 매년 광역지자체별로 공표하는 생활임금으로, 신청일이 속하는 연도의 생활임금 기준 /  (인정되는 소득) 「소득세법」 제4조제1항에 따른 다음 소득을 합산 / - 이자소득, 배당소득, 사업소득, 근로소득,",17,latest,not_explicit_in_source,2026-08-15T03:40:11+00:00,2026-08-15,reviewed,0.99
f33dcad1-df03-5a50-bd3e-dd464d12a6a5,78dca2d7-f771-553a-b788-46c9ff56d633,959362ca-66e2-5f16-b643-549019cd0a47,income,소득 산정기간,informational,,,previous_calendar_year,,전년도 1월 1일~12월 31일; 증명 발급 전에는 전전년도,,,present,32,,,r17_announcement_2026_df1fdde9,0,40,7,"를 제출하여야 하며, 최초 체류기간 연장 시 학위증 등 입증서류를 제출하여야 함 / * 대학 총장 또는 학과장 명의의 문서로서 ①증명서 발급 당시 졸업요건을 모두 갖추었음이 대학 대표자 명의로 확인되고, ②학위 수여 날짜가 확정되어 문서에 기재되어야 함(유학생의 졸업이 취소될 가능성이 없어 졸업 및 그 날짜가 확정적일 것) / 2) 소득 /  (주체) 신청인(본인) 소득만 인정 /  (기준) 신청일 기준 연간 소득*이 추천서를 발급하는 광역** 이상 / * 신청일 기준 전년도 1. 1. ~ 12. 31.까지의 연간 소득을 말하며, 전년도 소득금액증명 등 공적 증명서류가 발급되기 전의 시기에는 전전년도의 연간 소득금액 기준 / ** 매년 광역지자체별로 공표하는 생활임금으로, 신청일이 속하는 연도의 생활임금 기준 /  (인정되는 소득) 「소득세법」 제4조제1항에 따른 다음 소득을 합산 / - 이자소득, 배당소득, 사업소득, 근로소득, 연금소득, 기타소득 / - 각 소득은 소득세를 납부한 경우에만 인정 / - 「소득세법」 제12조(비과세소득)에 따라 소득세를 납부하지 않아도",17,latest,not_explicit_in_source,2026-08-15T03:40:11+00:00,2026-08-15,reviewed,0.99
b38b821c-ddb6-5334-9b4d-80507f04e7c0,78dca2d7-f771-553a-b788-46c9ff56d633,959362ca-66e2-5f16-b643-549019cd0a47,income,인정 소득 종류,binary,IN,,"interest,dividend,business,employment,pension,other",,이자·배당·사업·근로·연금·기타소득 합산,,,present,33,,,r17_announcement_2026_df1fdde9,0,40,7,"/  (주체) 신청인(본인) 소득만 인정 /  (기준) 신청일 기준 연간 소득*이 추천서를 발급하는 광역** 이상 / * 신청일 기준 전년도 1. 1. ~ 12. 31.까지의 연간 소득을 말하며, 전년도 소득금액증명 등 공적 증명서류가 발급되기 전의 시기에는 전전년도의 연간 소득금액 기준 / ** 매년 광역지자체별로 공표하는 생활임금으로, 신청일이 속하는 연도의 생활임금 기준 /  (인정되는 소득) 「소득세법」 제4조제1항에 따른 다음 소득을 합산 / - 이자소득, 배당소득, 사업소득, 근로소득, 연금소득, 기타소득 / - 각 소득은 소득세를 납부한 경우에만 인정 / - 「소득세법」 제12조(비과세소득)에 따라 소득세를 납부하지 않아도 되는 소득일 경우 관련 증빙자료 등을 검토하여 인정 여부 결정 / 나. 거주지 /  (원칙) 추천지역 내에서 계속하여 거주 /  (실거주 인정 특례) 지자체에 추천서 발급 신청 시까지 부득이한 사정으로 실거주 요건을 충족하지 못한 경우 / - (유예기간) 자격 변경 후 30일 이내 체류지 관할 지방출입국‧외국인관서 등에 전입신고 및",17,latest,not_explicit_in_source,2026-08-15T03:40:11+00:00,2026-08-15,reviewed,0.99
89209af0-00ac-5d71-95ef-12bb47332b74,78dca2d7-f771-553a-b788-46c9ff56d633,3641ad2c-2523-5aa4-ac30-59af0786c6f5,residence,추천지역 계속 거주,binary,=,,recommended_region,,추천지역 내 계속 거주,,,present,40,,,r17_announcement_2026_df1fdde9,0,40,7,"금액 기준 / ** 매년 광역지자체별로 공표하는 생활임금으로, 신청일이 속하는 연도의 생활임금 기준 /  (인정되는 소득) 「소득세법」 제4조제1항에 따른 다음 소득을 합산 / - 이자소득, 배당소득, 사업소득, 근로소득, 연금소득, 기타소득 / - 각 소득은 소득세를 납부한 경우에만 인정 / - 「소득세법」 제12조(비과세소득)에 따라 소득세를 납부하지 않아도 되는 소득일 경우 관련 증빙자료 등을 검토하여 인정 여부 결정 / 나. 거주지 /  (원칙) 추천지역 내에서 계속하여 거주 /  (실거주 인정 특례) 지자체에 추천서 발급 신청 시까지 부득이한 사정으로 실거주 요건을 충족하지 못한 경우 / - (유예기간) 자격 변경 후 30일 이내 체류지 관할 지방출입국‧외국인관서 등에 전입신고 및 이사 완료 시 실거주로 인정 / - (제출서류) 임대차계약서, 숙소제공확인서(숙소제공 예정인 경우 숙소제공예정자의 확인 서명 등 필요) 등 실거주 예정임을 확인할 수 있는 서류 / ※ 지자체와 지방출입국‧외국인관서에 동일 서류 제출 / - (참고 사항",17,latest,not_explicit_in_source,2026-08-15T03:40:11+00:00,2026-08-15,reviewed,0.99
270746fe-770b-5419-a392-c6f75bf24fe1,78dca2d7-f771-553a-b788-46c9ff56d633,3641ad2c-2523-5aa4-ac30-59af0786c6f5,residence,실거주 유예,binary,<=,30.0,,day,자격변경 후 30일 이내 전입신고와 이사 완료,,,present,41,,,r17_announcement_2026_df1fdde9,0,40,7,"득을 합산 / - 이자소득, 배당소득, 사업소득, 근로소득, 연금소득, 기타소득 / - 각 소득은 소득세를 납부한 경우에만 인정 / - 「소득세법」 제12조(비과세소득)에 따라 소득세를 납부하지 않아도 되는 소득일 경우 관련 증빙자료 등을 검토하여 인정 여부 결정 / 나. 거주지 /  (원칙) 추천지역 내에서 계속하여 거주 /  (실거주 인정 특례) 지자체에 추천서 발급 신청 시까지 부득이한 사정으로 실거주 요건을 충족하지 못한 경우 / - (유예기간) 자격 변경 후 30일 이내 체류지 관할 지방출입국‧외국인관서 등에 전입신고 및 이사 완료 시 실거주로 인정 / - (제출서류) 임대차계약서, 숙소제공확인서(숙소제공 예정인 경우 숙소제공예정자의 확인 서명 등 필요) 등 실거주 예정임을 확인할 수 있는 서류 / ※ 지자체와 지방출입국‧외국인관서에 동일 서류 제출 / - (참고 사항) 임대차계약서의 계약일부터 전입신고일까지 15일 초과 시 출입국관리법 제36조(체류지 변경의 신고) 위반 / ※ 특례 조건 위반 시 체류자격 취소 가능 / ❍ (기간) 허가",17,latest,not_explicit_in_source,2026-08-15T03:40:11+00:00,2026-08-15,reviewed,0.99
c843fa0b-2249-5202-a9e6-819c7bd536a2,78dca2d7-f771-553a-b788-46c9ff56d633,3641ad2c-2523-5aa4-ac30-59af0786c6f5,residence,최초 추천지역 실거주,binary,>=,2.0,,year,허가일부터 최초 2년,,,present,42,,,r17_announcement_2026_df1fdde9,0,40,7,"관할 지방출입국‧외국인관서 등에 전입신고 및 이사 완료 시 실거주로 인정 / - (제출서류) 임대차계약서, 숙소제공확인서(숙소제공 예정인 경우 숙소제공예정자의 확인 서명 등 필요) 등 실거주 예정임을 확인할 수 있는 서류 / ※ 지자체와 지방출입국‧외국인관서에 동일 서류 제출 / - (참고 사항) 임대차계약서의 계약일부터 전입신고일까지 15일 초과 시 출입국관리법 제36조(체류지 변경의 신고) 위반 / ※ 특례 조건 위반 시 체류자격 취소 가능 / ❍ (기간) 허가일로부터 최초 2년은 추천지역에 실거주 / ※ 2년 경과 시 동일 광역지자체 내 다른 인구감소지역으로 이전 가능 / 다. 취업/창업 (두 요건 중 하나만 구비 하면 족함) / 1) 취업 /  (지역) 근무처가 추천지역 내 소재 /  (급여) 근로계약서상 급여 ‘26년도 충청북도 생활임금(연 30,539,916원) 이상 / - 신청일 이후 3개월 이내 근로 시작, 계약기간 1년 이상 유효할 것 / - 고용주와 사용자가 동일하여야 하며 취업알선 업체, 인력파견 업체 등에 소속되어 일당제 또는 파견제",17,latest,not_explicit_in_source,2026-08-15T03:40:11+00:00,2026-08-15,reviewed,0.99
b10ef77f-ea4c-5aa5-8f73-df866773d28a,78dca2d7-f771-553a-b788-46c9ff56d633,9696027e-21c2-5549-97e5-1fd1a873b5a7,employment,근무 지역,binary,IN,,recommended_region,,근무처가 추천지역 내 소재,,,present,50,,,r17_announcement_2026_df1fdde9,0,40,7,"수 있는 서류 / ※ 지자체와 지방출입국‧외국인관서에 동일 서류 제출 / - (참고 사항) 임대차계약서의 계약일부터 전입신고일까지 15일 초과 시 출입국관리법 제36조(체류지 변경의 신고) 위반 / ※ 특례 조건 위반 시 체류자격 취소 가능 / ❍ (기간) 허가일로부터 최초 2년은 추천지역에 실거주 / ※ 2년 경과 시 동일 광역지자체 내 다른 인구감소지역으로 이전 가능 / 다. 취업/창업 (두 요건 중 하나만 구비 하면 족함) / 1) 취업 /  (지역) 근무처가 추천지역 내 소재 /  (급여) 근로계약서상 급여 ‘26년도 충청북도 생활임금(연 30,539,916원) 이상 / - 신청일 이후 3개월 이내 근로 시작, 계약기간 1년 이상 유효할 것 / - 고용주와 사용자가 동일하여야 하며 취업알선 업체, 인력파견 업체 등에 소속되어 일당제 또는 파견제 형식의 취업 불가 / - 자격 변경 후 1년 이내 근무처 변경 제한(단, 사업장 휴·폐업, 임금 체불 등*으로 동일 근무처에서 근무가 곤란한 경우에는 “허가조건 변경(근무처 변경)” 심사를",17,latest,not_explicit_in_source,2026-08-15T03:40:11+00:00,2026-08-15,reviewed,0.99
f1a32361-3f23-557f-bd10-c4ea7095b163,78dca2d7-f771-553a-b788-46c9ff56d633,9696027e-21c2-5549-97e5-1fd1a873b5a7,employment,근로계약서상 연봉,binary,>=,30539916.0,,KRW/year,"연 30,539,916원 이상",,,present,51,2026-01-01,,r17_announcement_2026_df1fdde9,0,40,7,"외국인관서에 동일 서류 제출 / - (참고 사항) 임대차계약서의 계약일부터 전입신고일까지 15일 초과 시 출입국관리법 제36조(체류지 변경의 신고) 위반 / ※ 특례 조건 위반 시 체류자격 취소 가능 / ❍ (기간) 허가일로부터 최초 2년은 추천지역에 실거주 / ※ 2년 경과 시 동일 광역지자체 내 다른 인구감소지역으로 이전 가능 / 다. 취업/창업 (두 요건 중 하나만 구비 하면 족함) / 1) 취업 /  (지역) 근무처가 추천지역 내 소재 /  (급여) 근로계약서상 급여 ‘26년도 충청북도 생활임금(연 30,539,916원) 이상 / - 신청일 이후 3개월 이내 근로 시작, 계약기간 1년 이상 유효할 것 / - 고용주와 사용자가 동일하여야 하며 취업알선 업체, 인력파견 업체 등에 소속되어 일당제 또는 파견제 형식의 취업 불가 / - 자격 변경 후 1년 이내 근무처 변경 제한(단, 사업장 휴·폐업, 임금 체불 등*으로 동일 근무처에서 근무가 곤란한 경우에는 “허가조건 변경(근무처 변경)” 심사를 받아 변경이 가능하되, 새로운 근무처에서 다시 1년 동안 원칙적으로 근무처 변경 제한) / 2",17,latest,2026 annual living-wage standard,2026-08-15T03:40:11+00:00,2026-08-15,reviewed,0.99
4c4efe99-a839-57e8-a002-595dfe9a2abd,78dca2d7-f771-553a-b788-46c9ff56d633,9696027e-21c2-5549-97e5-1fd1a873b5a7,employment,근로 시작 기한,binary,<=,3.0,,month,신청일 이후 3개월 이내,,,present,52,,,r17_announcement_2026_df1fdde9,0,40,7,"지 15일 초과 시 출입국관리법 제36조(체류지 변경의 신고) 위반 / ※ 특례 조건 위반 시 체류자격 취소 가능 / ❍ (기간) 허가일로부터 최초 2년은 추천지역에 실거주 / ※ 2년 경과 시 동일 광역지자체 내 다른 인구감소지역으로 이전 가능 / 다. 취업/창업 (두 요건 중 하나만 구비 하면 족함) / 1) 취업 /  (지역) 근무처가 추천지역 내 소재 /  (급여) 근로계약서상 급여 ‘26년도 충청북도 생활임금(연 30,539,916원) 이상 / - 신청일 이후 3개월 이내 근로 시작, 계약기간 1년 이상 유효할 것 / - 고용주와 사용자가 동일하여야 하며 취업알선 업체, 인력파견 업체 등에 소속되어 일당제 또는 파견제 형식의 취업 불가 / - 자격 변경 후 1년 이내 근무처 변경 제한(단, 사업장 휴·폐업, 임금 체불 등*으로 동일 근무처에서 근무가 곤란한 경우에는 “허가조건 변경(근무처 변경)” 심사를 받아 변경이 가능하되, 새로운 근무처에서 다시 1년 동안 원칙적으로 근무처 변경 제한) / 2) 창업 /  (지역) 사업체가 추천지역",17,latest,not_explicit_in_source,2026-08-15T03:40:11+00:00,2026-08-15,reviewed,0.99
dc65cc6f-47e4-50b5-b742-28086578f8c0,78dca2d7-f771-553a-b788-46c9ff56d633,9696027e-21c2-5549-97e5-1fd1a873b5a7,employment,근로계약 기간,binary,>=,1.0,,year,1년 이상,,,present,53,,,r17_announcement_2026_df1fdde9,0,40,7,"조(체류지 변경의 신고) 위반 / ※ 특례 조건 위반 시 체류자격 취소 가능 / ❍ (기간) 허가일로부터 최초 2년은 추천지역에 실거주 / ※ 2년 경과 시 동일 광역지자체 내 다른 인구감소지역으로 이전 가능 / 다. 취업/창업 (두 요건 중 하나만 구비 하면 족함) / 1) 취업 /  (지역) 근무처가 추천지역 내 소재 /  (급여) 근로계약서상 급여 ‘26년도 충청북도 생활임금(연 30,539,916원) 이상 / - 신청일 이후 3개월 이내 근로 시작, 계약기간 1년 이상 유효할 것 / - 고용주와 사용자가 동일하여야 하며 취업알선 업체, 인력파견 업체 등에 소속되어 일당제 또는 파견제 형식의 취업 불가 / - 자격 변경 후 1년 이내 근무처 변경 제한(단, 사업장 휴·폐업, 임금 체불 등*으로 동일 근무처에서 근무가 곤란한 경우에는 “허가조건 변경(근무처 변경)” 심사를 받아 변경이 가능하되, 새로운 근무처에서 다시 1년 동안 원칙적으로 근무처 변경 제한) / 2) 창업 /  (지역) 사업체가 추천지역 내 소재 /  (투자금액)",17,latest,not_explicit_in_source,2026-08-15T03:40:11+00:00,2026-08-15,reviewed,0.99
7fb2b36c-5af1-5281-b7ee-8a5d80a66873,78dca2d7-f771-553a-b788-46c9ff56d633,9696027e-21c2-5549-97e5-1fd1a873b5a7,employment,고용주·사용자 동일,binary,=,,same_entity,,고용주와 사용자가 같아야 함,,,present,54,,,r17_announcement_2026_df1fdde9,0,40,7,"특례 조건 위반 시 체류자격 취소 가능 / ❍ (기간) 허가일로부터 최초 2년은 추천지역에 실거주 / ※ 2년 경과 시 동일 광역지자체 내 다른 인구감소지역으로 이전 가능 / 다. 취업/창업 (두 요건 중 하나만 구비 하면 족함) / 1) 취업 /  (지역) 근무처가 추천지역 내 소재 /  (급여) 근로계약서상 급여 ‘26년도 충청북도 생활임금(연 30,539,916원) 이상 / - 신청일 이후 3개월 이내 근로 시작, 계약기간 1년 이상 유효할 것 / - 고용주와 사용자가 동일하여야 하며 취업알선 업체, 인력파견 업체 등에 소속되어 일당제 또는 파견제 형식의 취업 불가 / - 자격 변경 후 1년 이내 근무처 변경 제한(단, 사업장 휴·폐업, 임금 체불 등*으로 동일 근무처에서 근무가 곤란한 경우에는 “허가조건 변경(근무처 변경)” 심사를 받아 변경이 가능하되, 새로운 근무처에서 다시 1년 동안 원칙적으로 근무처 변경 제한) / 2) 창업 /  (지역) 사업체가 추천지역 내 소재 /  (투자금액) 2억원 이상 / - 국내 형성 자금을 인정하되",17,latest,not_explicit_in_source,2026-08-15T03:40:11+00:00,2026-08-15,reviewed,0.99
c2b66cb5-dea6-5211-859a-3ab090a569d5,78dca2d7-f771-553a-b788-46c9ff56d633,9696027e-21c2-5549-97e5-1fd1a873b5a7,employment,일당제·파견제 취업 금지,binary,NOT_IN,,daily_or_dispatched_work,,취업알선·인력파견 업체 소속의 일당제 또는 파견제 취업 불가,,,present,55,,,r17_announcement_2026_df1fdde9,0,40,7,"가능 / ❍ (기간) 허가일로부터 최초 2년은 추천지역에 실거주 / ※ 2년 경과 시 동일 광역지자체 내 다른 인구감소지역으로 이전 가능 / 다. 취업/창업 (두 요건 중 하나만 구비 하면 족함) / 1) 취업 /  (지역) 근무처가 추천지역 내 소재 /  (급여) 근로계약서상 급여 ‘26년도 충청북도 생활임금(연 30,539,916원) 이상 / - 신청일 이후 3개월 이내 근로 시작, 계약기간 1년 이상 유효할 것 / - 고용주와 사용자가 동일하여야 하며 취업알선 업체, 인력파견 업체 등에 소속되어 일당제 또는 파견제 형식의 취업 불가 / - 자격 변경 후 1년 이내 근무처 변경 제한(단, 사업장 휴·폐업, 임금 체불 등*으로 동일 근무처에서 근무가 곤란한 경우에는 “허가조건 변경(근무처 변경)” 심사를 받아 변경이 가능하되, 새로운 근무처에서 다시 1년 동안 원칙적으로 근무처 변경 제한) / 2) 창업 /  (지역) 사업체가 추천지역 내 소재 /  (투자금액) 2억원 이상 / - 국내 형성 자금을 인정하되, 1억원은 해외에서 국내로 반입한 외국 자본*이어야 함 / * 투자자금 도입 및",17,latest,not_explicit_in_source,2026-08-15T03:40:11+00:00,2026-08-15,reviewed,0.99
f5f44a24-d4f0-5f04-83d4-b20942f31ba9,78dca2d7-f771-553a-b788-46c9ff56d633,9696027e-21c2-5549-97e5-1fd1a873b5a7,employment,근무처 변경 제한,binary,>=,1.0,,year,자격변경 후 1년 이내 원칙적 제한,,"휴·폐업, 임금체불 등 예외 시 허가조건 변경 심사",present,56,,,r17_announcement_2026_df1fdde9,0,40,7,"광역지자체 내 다른 인구감소지역으로 이전 가능 / 다. 취업/창업 (두 요건 중 하나만 구비 하면 족함) / 1) 취업 /  (지역) 근무처가 추천지역 내 소재 /  (급여) 근로계약서상 급여 ‘26년도 충청북도 생활임금(연 30,539,916원) 이상 / - 신청일 이후 3개월 이내 근로 시작, 계약기간 1년 이상 유효할 것 / - 고용주와 사용자가 동일하여야 하며 취업알선 업체, 인력파견 업체 등에 소속되어 일당제 또는 파견제 형식의 취업 불가 / - 자격 변경 후 1년 이내 근무처 변경 제한(단, 사업장 휴·폐업, 임금 체불 등*으로 동일 근무처에서 근무가 곤란한 경우에는 “허가조건 변경(근무처 변경)” 심사를 받아 변경이 가능하되, 새로운 근무처에서 다시 1년 동안 원칙적으로 근무처 변경 제한) / 2) 창업 /  (지역) 사업체가 추천지역 내 소재 /  (투자금액) 2억원 이상 / - 국내 형성 자금을 인정하되, 1억원은 해외에서 국내로 반입한 외국 자본*이어야 함 / * 투자자금 도입 및 자본금 사용내역 요건은 법인인 경우 법인에 투자(D",17,latest,not_explicit_in_source,2026-08-15T03:40:11+00:00,2026-08-15,reviewed,0.99
420b0553-817a-5202-a02f-5e342319af5c,78dca2d7-f771-553a-b788-46c9ff56d633,095770ae-5970-5239-b762-5677b5ff93bc,entrepreneurship,사업체 소재지,binary,IN,,recommended_region,,사업체가 추천지역 내 소재,,,present,60,,,r17_announcement_2026_df1fdde9,0,40,7,"월 이내 근로 시작, 계약기간 1년 이상 유효할 것 / - 고용주와 사용자가 동일하여야 하며 취업알선 업체, 인력파견 업체 등에 소속되어 일당제 또는 파견제 형식의 취업 불가 / - 자격 변경 후 1년 이내 근무처 변경 제한(단, 사업장 휴·폐업, 임금 체불 등*으로 동일 근무처에서 근무가 곤란한 경우에는 “허가조건 변경(근무처 변경)” 심사를 받아 변경이 가능하되, 새로운 근무처에서 다시 1년 동안 원칙적으로 근무처 변경 제한) / 2) 창업 /  (지역) 사업체가 추천지역 내 소재 /  (투자금액) 2억원 이상 / - 국내 형성 자금을 인정하되, 1억원은 해외에서 국내로 반입한 외국 자본*이어야 함 / * 투자자금 도입 및 자본금 사용내역 요건은 법인인 경우 법인에 투자(D-8-1), 개인사업자인 경우 개인사업자(D-9-4) 요건 적용 /  (설립방식) ｢외국인투자촉진법｣에 따른 외국인투자기업(법인)이나 개인사업자 또는 ｢외국환거래법｣ 및 ｢외국환거래규정｣에 따라 외자를 도입하고 사업자등록을 한 개인사업자 / 3) 유의사항 /  (",17,latest,not_explicit_in_source,2026-08-15T03:40:11+00:00,2026-08-15,reviewed,0.99
9c04bb1f-ecc6-5c42-b7dc-72b997de2d2e,78dca2d7-f771-553a-b788-46c9ff56d633,095770ae-5970-5239-b762-5677b5ff93bc,entrepreneurship,총 투자금액,binary,>=,200000000.0,,KRW,2억원 이상,,,present,61,,,r17_announcement_2026_df1fdde9,0,40,7,"이상 유효할 것 / - 고용주와 사용자가 동일하여야 하며 취업알선 업체, 인력파견 업체 등에 소속되어 일당제 또는 파견제 형식의 취업 불가 / - 자격 변경 후 1년 이내 근무처 변경 제한(단, 사업장 휴·폐업, 임금 체불 등*으로 동일 근무처에서 근무가 곤란한 경우에는 “허가조건 변경(근무처 변경)” 심사를 받아 변경이 가능하되, 새로운 근무처에서 다시 1년 동안 원칙적으로 근무처 변경 제한) / 2) 창업 /  (지역) 사업체가 추천지역 내 소재 /  (투자금액) 2억원 이상 / - 국내 형성 자금을 인정하되, 1억원은 해외에서 국내로 반입한 외국 자본*이어야 함 / * 투자자금 도입 및 자본금 사용내역 요건은 법인인 경우 법인에 투자(D-8-1), 개인사업자인 경우 개인사업자(D-9-4) 요건 적용 /  (설립방식) ｢외국인투자촉진법｣에 따른 외국인투자기업(법인)이나 개인사업자 또는 ｢외국환거래법｣ 및 ｢외국환거래규정｣에 따라 외자를 도입하고 사업자등록을 한 개인사업자 / 3) 유의사항 /  (기간) 허가일 기준 최초 2년은",17,latest,not_explicit_in_source,2026-08-15T03:40:11+00:00,2026-08-15,reviewed,0.99
6f0b4d1c-81ad-5796-abcc-c8a7db09f2a4,78dca2d7-f771-553a-b788-46c9ff56d633,095770ae-5970-5239-b762-5677b5ff93bc,entrepreneurship,해외 반입 외국자본,binary,>=,100000000.0,,KRW,1억원 이상,,,present,62,,,r17_announcement_2026_df1fdde9,0,40,7,"업알선 업체, 인력파견 업체 등에 소속되어 일당제 또는 파견제 형식의 취업 불가 / - 자격 변경 후 1년 이내 근무처 변경 제한(단, 사업장 휴·폐업, 임금 체불 등*으로 동일 근무처에서 근무가 곤란한 경우에는 “허가조건 변경(근무처 변경)” 심사를 받아 변경이 가능하되, 새로운 근무처에서 다시 1년 동안 원칙적으로 근무처 변경 제한) / 2) 창업 /  (지역) 사업체가 추천지역 내 소재 /  (투자금액) 2억원 이상 / - 국내 형성 자금을 인정하되, 1억원은 해외에서 국내로 반입한 외국 자본*이어야 함 / * 투자자금 도입 및 자본금 사용내역 요건은 법인인 경우 법인에 투자(D-8-1), 개인사업자인 경우 개인사업자(D-9-4) 요건 적용 /  (설립방식) ｢외국인투자촉진법｣에 따른 외국인투자기업(법인)이나 개인사업자 또는 ｢외국환거래법｣ 및 ｢외국환거래규정｣에 따라 외자를 도입하고 사업자등록을 한 개인사업자 / 3) 유의사항 /  (기간) 허가일 기준 최초 2년은 추천지역에서 취‧창업 / ※ 2년 경과 시 동일 광역자치단체 내 다른 인구감소지",17,latest,not_explicit_in_source,2026-08-15T03:40:11+00:00,2026-08-15,reviewed,0.99
858aaf7b-8296-5843-81f4-a71868f4f781,78dca2d7-f771-553a-b788-46c9ff56d633,095770ae-5970-5239-b762-5677b5ff93bc,entrepreneurship,창업 설립방식,binary,IN,,foreign_invested_company_or_eligible_sole_proprietor,,외국인투자기업 또는 외자 도입 후 사업자등록한 개인사업자,,,present,63,,,r17_announcement_2026_df1fdde9,0,40,7,")” 심사를 받아 변경이 가능하되, 새로운 근무처에서 다시 1년 동안 원칙적으로 근무처 변경 제한) / 2) 창업 /  (지역) 사업체가 추천지역 내 소재 /  (투자금액) 2억원 이상 / - 국내 형성 자금을 인정하되, 1억원은 해외에서 국내로 반입한 외국 자본*이어야 함 / * 투자자금 도입 및 자본금 사용내역 요건은 법인인 경우 법인에 투자(D-8-1), 개인사업자인 경우 개인사업자(D-9-4) 요건 적용 /  (설립방식) ｢외국인투자촉진법｣에 따른 외국인투자기업(법인)이나 개인사업자 또는 ｢외국환거래법｣ 및 ｢외국환거래규정｣에 따라 외자를 도입하고 사업자등록을 한 개인사업자 / 3) 유의사항 /  (기간) 허가일 기준 최초 2년은 추천지역에서 취‧창업 / ※ 2년 경과 시 동일 광역자치단체 내 다른 인구감소지역에 취‧창업 가능 /  (취업 ․ 창업 간 변경) 취업 또는 창업 활동 요건을 충족 시 취업‧창업 간 변경이 가능하며, 취업·창업 활동의 요건을 모두 충족하면 동시에 취업과 창업 활동 가능 / 라. 품행단정 /  아래 결격사유에",17,latest,not_explicit_in_source,2026-08-15T03:40:11+00:00,2026-08-15,reviewed,0.99
5dc8eee8-783c-5073-a562-92e6718e815e,78dca2d7-f771-553a-b788-46c9ff56d633,a086c0af-93b6-55fa-be8c-20ba5f1d8f80,conduct,특정 중대범죄 전력,binary,NOT_EXISTS,,,,특정강력범죄·협박·공갈·사기·전화금융사기·마약·성폭력 형 선고 사실 없음,,,present,70,,,r17_announcement_2026_df1fdde9,0,40,7,"｢외국환거래규정｣에 따라 외자를 도입하고 사업자등록을 한 개인사업자 / 3) 유의사항 /  (기간) 허가일 기준 최초 2년은 추천지역에서 취‧창업 / ※ 2년 경과 시 동일 광역자치단체 내 다른 인구감소지역에 취‧창업 가능 /  (취업 ․ 창업 간 변경) 취업 또는 창업 활동 요건을 충족 시 취업‧창업 간 변경이 가능하며, 취업·창업 활동의 요건을 모두 충족하면 동시에 취업과 창업 활동 가능 / 라. 품행단정 /  아래 결격사유에 해당하지 않을 것 / ① 국내 또는 해외에서 「특정강력범죄의 처벌에 관한 특례법」 제2조에서 규정한 특정강력범죄와 협박, 공갈, 사기, 전화금융사기, 마약, 성폭력 관련 범죄로 형을 선고받은 사실이 있는 경우 / ② 국내 또는 해외에서 금고 이상의 형(집행유예 포함)의 선고를 받고 그 형의 집행이 종료되거나 집행을 받지 아니하기로 한 날로부터 5년이 지나지 않은 경우 / ③ 신청일로부터 3년 이내에 300만 원 이상의 벌금형을 선고받은 경우 / ④ 신청일로부터 3년 이내에 출입국관리법을 위반하여 받은 범칙금 합산 금액",17,latest,not_explicit_in_source,2026-08-15T03:40:11+00:00,2026-08-15,reviewed,0.99
d1cdcfbf-9e6f-5d9e-ab6a-ef633982b8f3,78dca2d7-f771-553a-b788-46c9ff56d633,a086c0af-93b6-55fa-be8c-20ba5f1d8f80,conduct,금고 이상 형 경과기간,binary,>=,5.0,,year,집행 종료·면제일부터 5년 경과,,,present,71,,,r17_announcement_2026_df1fdde9,0,40,7,"취‧창업 가능 /  (취업 ․ 창업 간 변경) 취업 또는 창업 활동 요건을 충족 시 취업‧창업 간 변경이 가능하며, 취업·창업 활동의 요건을 모두 충족하면 동시에 취업과 창업 활동 가능 / 라. 품행단정 /  아래 결격사유에 해당하지 않을 것 / ① 국내 또는 해외에서 「특정강력범죄의 처벌에 관한 특례법」 제2조에서 규정한 특정강력범죄와 협박, 공갈, 사기, 전화금융사기, 마약, 성폭력 관련 범죄로 형을 선고받은 사실이 있는 경우 / ② 국내 또는 해외에서 금고 이상의 형(집행유예 포함)의 선고를 받고 그 형의 집행이 종료되거나 집행을 받지 아니하기로 한 날로부터 5년이 지나지 않은 경우 / ③ 신청일로부터 3년 이내에 300만 원 이상의 벌금형을 선고받은 경우 / ④ 신청일로부터 3년 이내에 출입국관리법을 위반하여 받은 범칙금 합산 금액이 500만 원 이상인 경우 / ⑤ 최근 3년 이내에 3회 이상 범칙금 처분을 받은 경우 / ⑥ 「출입국관리법」 제11조 제1항에서 정한 입국금지 대상자 /  (준법 시민교육) 지역특화형 우수인재 자격변경 및",17,latest,not_explicit_in_source,2026-08-15T03:40:11+00:00,2026-08-15,reviewed,0.99
d1ab8498-0257-5f71-8bc9-ced94b6fb465,78dca2d7-f771-553a-b788-46c9ff56d633,a086c0af-93b6-55fa-be8c-20ba5f1d8f80,conduct,고액 벌금형,binary,<,3000000.0,,KRW,최근 3년 내 300만원 이상 벌금형 없음,,,present,72,,,r17_announcement_2026_df1fdde9,0,40,7,"면 동시에 취업과 창업 활동 가능 / 라. 품행단정 /  아래 결격사유에 해당하지 않을 것 / ① 국내 또는 해외에서 「특정강력범죄의 처벌에 관한 특례법」 제2조에서 규정한 특정강력범죄와 협박, 공갈, 사기, 전화금융사기, 마약, 성폭력 관련 범죄로 형을 선고받은 사실이 있는 경우 / ② 국내 또는 해외에서 금고 이상의 형(집행유예 포함)의 선고를 받고 그 형의 집행이 종료되거나 집행을 받지 아니하기로 한 날로부터 5년이 지나지 않은 경우 / ③ 신청일로부터 3년 이내에 300만 원 이상의 벌금형을 선고받은 경우 / ④ 신청일로부터 3년 이내에 출입국관리법을 위반하여 받은 범칙금 합산 금액이 500만 원 이상인 경우 / ⑤ 최근 3년 이내에 3회 이상 범칙금 처분을 받은 경우 / ⑥ 「출입국관리법」 제11조 제1항에서 정한 입국금지 대상자 /  (준법 시민교육) 지역특화형 우수인재 자격변경 및 연장 허가 예정자 중 국내법 위반 사실이 확인된 자(위 품행 단정 요건 결격사유 해당자 제외) / ※ 준법 시민교육 관련 세부사항 및 신청절차【붙임7】참조 /",17,latest,not_explicit_in_source,2026-08-15T03:40:11+00:00,2026-08-15,reviewed,0.99
9c66ff41-704d-543a-a070-1effa026518a,78dca2d7-f771-553a-b788-46c9ff56d633,a086c0af-93b6-55fa-be8c-20ba5f1d8f80,conduct,출입국관리법 범칙금,binary,<,5000000.0,,KRW,최근 3년 내 합계 500만원 미만,,,present,73,,,r17_announcement_2026_df1fdde9,0,40,7,"서 「특정강력범죄의 처벌에 관한 특례법」 제2조에서 규정한 특정강력범죄와 협박, 공갈, 사기, 전화금융사기, 마약, 성폭력 관련 범죄로 형을 선고받은 사실이 있는 경우 / ② 국내 또는 해외에서 금고 이상의 형(집행유예 포함)의 선고를 받고 그 형의 집행이 종료되거나 집행을 받지 아니하기로 한 날로부터 5년이 지나지 않은 경우 / ③ 신청일로부터 3년 이내에 300만 원 이상의 벌금형을 선고받은 경우 / ④ 신청일로부터 3년 이내에 출입국관리법을 위반하여 받은 범칙금 합산 금액이 500만 원 이상인 경우 / ⑤ 최근 3년 이내에 3회 이상 범칙금 처분을 받은 경우 / ⑥ 「출입국관리법」 제11조 제1항에서 정한 입국금지 대상자 /  (준법 시민교육) 지역특화형 우수인재 자격변경 및 연장 허가 예정자 중 국내법 위반 사실이 확인된 자(위 품행 단정 요건 결격사유 해당자 제외) / ※ 준법 시민교육 관련 세부사항 및 신청절차【붙임7】참조 / 마. 기본소양 (하나만 구비 하면 족함) /  사회통합프로그램 3단계 이상 이수(사전평가에서 4단계 이상 배정 포",17,latest,not_explicit_in_source,2026-08-15T03:40:11+00:00,2026-08-15,reviewed,0.99
7125ed91-1e53-5bfa-b9cb-8ff41b79e2e1,78dca2d7-f771-553a-b788-46c9ff56d633,a086c0af-93b6-55fa-be8c-20ba5f1d8f80,conduct,범칙금 처분 횟수,binary,<,3.0,,count,최근 3년 내 3회 미만,,,present,74,,,r17_announcement_2026_df1fdde9,0,40,7,"규정한 특정강력범죄와 협박, 공갈, 사기, 전화금융사기, 마약, 성폭력 관련 범죄로 형을 선고받은 사실이 있는 경우 / ② 국내 또는 해외에서 금고 이상의 형(집행유예 포함)의 선고를 받고 그 형의 집행이 종료되거나 집행을 받지 아니하기로 한 날로부터 5년이 지나지 않은 경우 / ③ 신청일로부터 3년 이내에 300만 원 이상의 벌금형을 선고받은 경우 / ④ 신청일로부터 3년 이내에 출입국관리법을 위반하여 받은 범칙금 합산 금액이 500만 원 이상인 경우 / ⑤ 최근 3년 이내에 3회 이상 범칙금 처분을 받은 경우 / ⑥ 「출입국관리법」 제11조 제1항에서 정한 입국금지 대상자 /  (준법 시민교육) 지역특화형 우수인재 자격변경 및 연장 허가 예정자 중 국내법 위반 사실이 확인된 자(위 품행 단정 요건 결격사유 해당자 제외) / ※ 준법 시민교육 관련 세부사항 및 신청절차【붙임7】참조 / 마. 기본소양 (하나만 구비 하면 족함) /  사회통합프로그램 3단계 이상 이수(사전평가에서 4단계 이상 배정 포함) /  한국어능력시험(TOPIK) 3급 이상 취득",17,latest,not_explicit_in_source,2026-08-15T03:40:11+00:00,2026-08-15,reviewed,0.99
5d8907d5-fca3-550c-9099-3d999a4ff662,78dca2d7-f771-553a-b788-46c9ff56d633,a086c0af-93b6-55fa-be8c-20ba5f1d8f80,conduct,입국금지 대상,binary,NOT_EXISTS,,,,출입국관리법 제11조 제1항의 입국금지 대상이 아님,,,present,75,,,r17_announcement_2026_df1fdde9,0,40,7,"이 있는 경우 / ② 국내 또는 해외에서 금고 이상의 형(집행유예 포함)의 선고를 받고 그 형의 집행이 종료되거나 집행을 받지 아니하기로 한 날로부터 5년이 지나지 않은 경우 / ③ 신청일로부터 3년 이내에 300만 원 이상의 벌금형을 선고받은 경우 / ④ 신청일로부터 3년 이내에 출입국관리법을 위반하여 받은 범칙금 합산 금액이 500만 원 이상인 경우 / ⑤ 최근 3년 이내에 3회 이상 범칙금 처분을 받은 경우 / ⑥ 「출입국관리법」 제11조 제1항에서 정한 입국금지 대상자 /  (준법 시민교육) 지역특화형 우수인재 자격변경 및 연장 허가 예정자 중 국내법 위반 사실이 확인된 자(위 품행 단정 요건 결격사유 해당자 제외) / ※ 준법 시민교육 관련 세부사항 및 신청절차【붙임7】참조 / 마. 기본소양 (하나만 구비 하면 족함) /  사회통합프로그램 3단계 이상 이수(사전평가에서 4단계 이상 배정 포함) /  한국어능력시험(TOPIK) 3급 이상 취득 / 바. 고용주 요건 / ❍ (세금체납 관련) 고용업체에 세금(국세, 지방세)",17,latest,not_explicit_in_source,2026-08-15T03:40:11+00:00,2026-08-15,reviewed,0.99
1a87d293-e2c3-5733-b4a0-1030f1981670,78dca2d7-f771-553a-b788-46c9ff56d633,a086c0af-93b6-55fa-be8c-20ba5f1d8f80,conduct,준법시민교육,informational,EXISTS,,domestic_law_violation,,결격사유가 아닌 국내법 위반 사실 확인 시 교육 대상,,,present,76,,,r17_announcement_2026_df1fdde9,0,40,7,"집행이 종료되거나 집행을 받지 아니하기로 한 날로부터 5년이 지나지 않은 경우 / ③ 신청일로부터 3년 이내에 300만 원 이상의 벌금형을 선고받은 경우 / ④ 신청일로부터 3년 이내에 출입국관리법을 위반하여 받은 범칙금 합산 금액이 500만 원 이상인 경우 / ⑤ 최근 3년 이내에 3회 이상 범칙금 처분을 받은 경우 / ⑥ 「출입국관리법」 제11조 제1항에서 정한 입국금지 대상자 /  (준법 시민교육) 지역특화형 우수인재 자격변경 및 연장 허가 예정자 중 국내법 위반 사실이 확인된 자(위 품행 단정 요건 결격사유 해당자 제외) / ※ 준법 시민교육 관련 세부사항 및 신청절차【붙임7】참조 / 마. 기본소양 (하나만 구비 하면 족함) /  사회통합프로그램 3단계 이상 이수(사전평가에서 4단계 이상 배정 포함) /  한국어능력시험(TOPIK) 3급 이상 취득 / 바. 고용주 요건 / ❍ (세금체납 관련) 고용업체에 세금(국세, 지방세) 체납 사실이 없을 것 / ❍ (고용가능인원) 내국인 고용인원 규모에 따라 차등적용 / * 최저임금을 충족하는 3개월 이상 고용보험에 가입된 인원 / -",17,latest,not_explicit_in_source,2026-08-15T03:40:11+00:00,2026-08-15,reviewed,0.99
78259b0d-f1cb-5474-a327-0f760074aa4b,78dca2d7-f771-553a-b788-46c9ff56d633,9ba1bf6d-1136-51af-9801-ec9a72182d23,language,사회통합프로그램 이수,binary,>=,3.0,,level,3단계 이상,,,present,80,2026-08-03,,r17_announcement_2026_df1fdde9,0,40,7,"출입국관리법을 위반하여 받은 범칙금 합산 금액이 500만 원 이상인 경우 / ⑤ 최근 3년 이내에 3회 이상 범칙금 처분을 받은 경우 / ⑥ 「출입국관리법」 제11조 제1항에서 정한 입국금지 대상자 /  (준법 시민교육) 지역특화형 우수인재 자격변경 및 연장 허가 예정자 중 국내법 위반 사실이 확인된 자(위 품행 단정 요건 결격사유 해당자 제외) / ※ 준법 시민교육 관련 세부사항 및 신청절차【붙임7】참조 / 마. 기본소양 (하나만 구비 하면 족함) /  사회통합프로그램 3단계 이상 이수(사전평가에서 4단계 이상 배정 포함) /  한국어능력시험(TOPIK) 3급 이상 취득 / 바. 고용주 요건 / ❍ (세금체납 관련) 고용업체에 세금(국세, 지방세) 체납 사실이 없을 것 / ❍ (고용가능인원) 내국인 고용인원 규모에 따라 차등적용 / * 최저임금을 충족하는 3개월 이상 고용보험에 가입된 인원 / - (허용인원 산정 기준) 허용계산 값의 소수점 이하는 올림하며, 지역특화 우수인재(F-2-R) 체류자격을 가진 사람만 외국인 고용인원으로 산정 /",17,latest,explicit amendment effective date,2026-08-15T03:40:11+00:00,2026-08-15,reviewed,0.99
873209f1-e505-5d86-8909-5ea608398994,78dca2d7-f771-553a-b788-46c9ff56d633,9ba1bf6d-1136-51af-9801-ec9a72182d23,language,사회통합프로그램 사전평가,binary,>=,4.0,,level,4단계 이상 배정,,,present,81,2026-08-03,,r17_announcement_2026_df1fdde9,0,40,7,"금 합산 금액이 500만 원 이상인 경우 / ⑤ 최근 3년 이내에 3회 이상 범칙금 처분을 받은 경우 / ⑥ 「출입국관리법」 제11조 제1항에서 정한 입국금지 대상자 /  (준법 시민교육) 지역특화형 우수인재 자격변경 및 연장 허가 예정자 중 국내법 위반 사실이 확인된 자(위 품행 단정 요건 결격사유 해당자 제외) / ※ 준법 시민교육 관련 세부사항 및 신청절차【붙임7】참조 / 마. 기본소양 (하나만 구비 하면 족함) /  사회통합프로그램 3단계 이상 이수(사전평가에서 4단계 이상 배정 포함) /  한국어능력시험(TOPIK) 3급 이상 취득 / 바. 고용주 요건 / ❍ (세금체납 관련) 고용업체에 세금(국세, 지방세) 체납 사실이 없을 것 / ❍ (고용가능인원) 내국인 고용인원 규모에 따라 차등적용 / * 최저임금을 충족하는 3개월 이상 고용보험에 가입된 인원 / - (허용인원 산정 기준) 허용계산 값의 소수점 이하는 올림하며, 지역특화 우수인재(F-2-R) 체류자격을 가진 사람만 외국인 고용인원으로 산정 / ❍ (지역활력 소상공인 고용특례",17,latest,explicit amendment effective date,2026-08-15T03:40:11+00:00,2026-08-15,reviewed,0.99
9268112d-0a61-5724-8a9a-f1559669e611,78dca2d7-f771-553a-b788-46c9ff56d633,9ba1bf6d-1136-51af-9801-ec9a72182d23,language,한국어능력시험,binary,>=,3.0,,grade,TOPIK 3급 이상,,,present,82,2026-08-03,,r17_announcement_2026_df1fdde9,0,40,7,"⑤ 최근 3년 이내에 3회 이상 범칙금 처분을 받은 경우 / ⑥ 「출입국관리법」 제11조 제1항에서 정한 입국금지 대상자 /  (준법 시민교육) 지역특화형 우수인재 자격변경 및 연장 허가 예정자 중 국내법 위반 사실이 확인된 자(위 품행 단정 요건 결격사유 해당자 제외) / ※ 준법 시민교육 관련 세부사항 및 신청절차【붙임7】참조 / 마. 기본소양 (하나만 구비 하면 족함) /  사회통합프로그램 3단계 이상 이수(사전평가에서 4단계 이상 배정 포함) /  한국어능력시험(TOPIK) 3급 이상 취득 / 바. 고용주 요건 / ❍ (세금체납 관련) 고용업체에 세금(국세, 지방세) 체납 사실이 없을 것 / ❍ (고용가능인원) 내국인 고용인원 규모에 따라 차등적용 / * 최저임금을 충족하는 3개월 이상 고용보험에 가입된 인원 / - (허용인원 산정 기준) 허용계산 값의 소수점 이하는 올림하며, 지역특화 우수인재(F-2-R) 체류자격을 가진 사람만 외국인 고용인원으로 산정 / ❍ (지역활력 소상공인 고용특례) 내국인 고용이 어려운 인구감소지역 기업의 고용애로",17,latest,explicit amendment effective date,2026-08-15T03:40:11+00:00,2026-08-15,reviewed,0.99
259908e8-626a-5fa2-b98a-55a2d2f805ea,78dca2d7-f771-553a-b788-46c9ff56d633,c8ee0ba2-23cf-5d30-8125-a72e57fa041a,employer,국세·지방세 체납 없음,binary,NOT_EXISTS,,tax_arrears,,고용업체의 국세·지방세 체납 사실이 없어야 함,,,present,90,,,r17_announcement_2026_df1fdde9,0,40,7,"제1항에서 정한 입국금지 대상자 /  (준법 시민교육) 지역특화형 우수인재 자격변경 및 연장 허가 예정자 중 국내법 위반 사실이 확인된 자(위 품행 단정 요건 결격사유 해당자 제외) / ※ 준법 시민교육 관련 세부사항 및 신청절차【붙임7】참조 / 마. 기본소양 (하나만 구비 하면 족함) /  사회통합프로그램 3단계 이상 이수(사전평가에서 4단계 이상 배정 포함) /  한국어능력시험(TOPIK) 3급 이상 취득 / 바. 고용주 요건 / ❍ (세금체납 관련) 고용업체에 세금(국세, 지방세) 체납 사실이 없을 것 / ❍ (고용가능인원) 내국인 고용인원 규모에 따라 차등적용 / * 최저임금을 충족하는 3개월 이상 고용보험에 가입된 인원 / - (허용인원 산정 기준) 허용계산 값의 소수점 이하는 올림하며, 지역특화 우수인재(F-2-R) 체류자격을 가진 사람만 외국인 고용인원으로 산정 / ❍ (지역활력 소상공인 고용특례) 내국인 고용이 어려운 인구감소지역 기업의 고용애로를 감안하여, 다음의 고용특례 기준을 모두 충족하는 기업은 내국인 고용인원이 없더라도 지역특화형 우수인재(",17,latest,not_explicit_in_source,2026-08-15T03:40:11+00:00,2026-08-15,reviewed,0.99
2b036ac1-e917-5f32-af3f-a0021bfd6ea5,78dca2d7-f771-553a-b788-46c9ff56d633,c8ee0ba2-23cf-5d30-8125-a72e57fa041a,employer_capacity,내국인 고용인원 산정,informational,,3.0,,month,최저임금 충족 및 3개월 이상 고용보험 가입자,,,present,91,,,r17_announcement_2026_df1fdde9,0,40,7,"사실이 확인된 자(위 품행 단정 요건 결격사유 해당자 제외) / ※ 준법 시민교육 관련 세부사항 및 신청절차【붙임7】참조 / 마. 기본소양 (하나만 구비 하면 족함) /  사회통합프로그램 3단계 이상 이수(사전평가에서 4단계 이상 배정 포함) /  한국어능력시험(TOPIK) 3급 이상 취득 / 바. 고용주 요건 / ❍ (세금체납 관련) 고용업체에 세금(국세, 지방세) 체납 사실이 없을 것 / ❍ (고용가능인원) 내국인 고용인원 규모에 따라 차등적용 / * 최저임금을 충족하는 3개월 이상 고용보험에 가입된 인원 / - (허용인원 산정 기준) 허용계산 값의 소수점 이하는 올림하며, 지역특화 우수인재(F-2-R) 체류자격을 가진 사람만 외국인 고용인원으로 산정 / ❍ (지역활력 소상공인 고용특례) 내국인 고용이 어려운 인구감소지역 기업의 고용애로를 감안하여, 다음의 고용특례 기준을 모두 충족하는 기업은 내국인 고용인원이 없더라도 지역특화형 우수인재(F-2-R) 1명 고용 허용 / ① (기간) ’26. 5. 18. ~ ’27. 12. 31. (※ 시범운영 후 정식 제도화",17,latest,not_explicit_in_source,2026-08-15T03:40:11+00:00,2026-08-15,reviewed,0.99
bbd1acce-342f-5519-a552-7d6e886f162c,78dca2d7-f771-553a-b788-46c9ff56d633,c8ee0ba2-23cf-5d30-8125-a72e57fa041a,employer_capacity,고용 허용인원 계산,informational,,,,,내국인 고용인원 규모에 따라 차등; 소수점 이하는 올림,,원문 HWPX의 비텍스트 개체로 보이는 구간에 구간별 비율값이 없어 수동 확인 필요,present,92,,,r17_announcement_2026_df1fdde9,0,40,7,"련 세부사항 및 신청절차【붙임7】참조 / 마. 기본소양 (하나만 구비 하면 족함) /  사회통합프로그램 3단계 이상 이수(사전평가에서 4단계 이상 배정 포함) /  한국어능력시험(TOPIK) 3급 이상 취득 / 바. 고용주 요건 / ❍ (세금체납 관련) 고용업체에 세금(국세, 지방세) 체납 사실이 없을 것 / ❍ (고용가능인원) 내국인 고용인원 규모에 따라 차등적용 / * 최저임금을 충족하는 3개월 이상 고용보험에 가입된 인원 / - (허용인원 산정 기준) 허용계산 값의 소수점 이하는 올림하며, 지역특화 우수인재(F-2-R) 체류자격을 가진 사람만 외국인 고용인원으로 산정 / ❍ (지역활력 소상공인 고용특례) 내국인 고용이 어려운 인구감소지역 기업의 고용애로를 감안하여, 다음의 고용특례 기준을 모두 충족하는 기업은 내국인 고용인원이 없더라도 지역특화형 우수인재(F-2-R) 1명 고용 허용 / ① (기간) ’26. 5. 18. ~ ’27. 12. 31. (※ 시범운영 후 정식 제도화 여부 결정) / ② (대상) 소상공인* 또는 농업법인** / *",17,latest,not_explicit_in_source,2026-08-15T03:40:11+00:00,2026-08-15,reviewed,0.99
9cbaa09e-5fce-5938-8588-8f4b46fd0346,78dca2d7-f771-553a-b788-46c9ff56d633,00039d5b-eac5-5456-8e2a-34f15b545d95,small_business_exception,특례 허용인원,binary,=,1.0,,person,내국인 고용 0명이어도 F-2-R 1명,,,present,100,2026-05-18,2027-12-31,r17_announcement_2026_df1fdde9,0,40,7,"체에 세금(국세, 지방세) 체납 사실이 없을 것 / ❍ (고용가능인원) 내국인 고용인원 규모에 따라 차등적용 / * 최저임금을 충족하는 3개월 이상 고용보험에 가입된 인원 / - (허용인원 산정 기준) 허용계산 값의 소수점 이하는 올림하며, 지역특화 우수인재(F-2-R) 체류자격을 가진 사람만 외국인 고용인원으로 산정 / ❍ (지역활력 소상공인 고용특례) 내국인 고용이 어려운 인구감소지역 기업의 고용애로를 감안하여, 다음의 고용특례 기준을 모두 충족하는 기업은 내국인 고용인원이 없더라도 지역특화형 우수인재(F-2-R) 1명 고용 허용 / ① (기간) ’26. 5. 18. ~ ’27. 12. 31. (※ 시범운영 후 정식 제도화 여부 결정) / ② (대상) 소상공인* 또는 농업법인** / * ｢소상공인기본법｣ 제2조에 따른 소기업 중 “소상공인”으로, ‘중소기업(소상공인) 확인서(중기부장관 발급)’로 확인 / ** ｢농어업경영체 육성 및 지원에 관한 법률｣에 따른 영농조합법인 및 농업회사법인으로, ‘농업회사법인(영농조합법인) 설립신고확인증(시·군·구청장 발급)’으로 확인 / ③ (업종) 소상",17,latest,explicit pilot period,2026-08-15T03:40:11+00:00,2026-08-15,reviewed,0.99
93b6d669-8af8-5b21-a4f3-11e85ec753d1,78dca2d7-f771-553a-b788-46c9ff56d633,00039d5b-eac5-5456-8e2a-34f15b545d95,small_business_exception,특례 대상,binary,IN,,small_business_or_agricultural_corporation,,소상공인 또는 농업법인,,,present,101,2026-05-18,2027-12-31,r17_announcement_2026_df1fdde9,0,40,7,") 허용계산 값의 소수점 이하는 올림하며, 지역특화 우수인재(F-2-R) 체류자격을 가진 사람만 외국인 고용인원으로 산정 / ❍ (지역활력 소상공인 고용특례) 내국인 고용이 어려운 인구감소지역 기업의 고용애로를 감안하여, 다음의 고용특례 기준을 모두 충족하는 기업은 내국인 고용인원이 없더라도 지역특화형 우수인재(F-2-R) 1명 고용 허용 / ① (기간) ’26. 5. 18. ~ ’27. 12. 31. (※ 시범운영 후 정식 제도화 여부 결정) / ② (대상) 소상공인* 또는 농업법인** / * ｢소상공인기본법｣ 제2조에 따른 소기업 중 “소상공인”으로, ‘중소기업(소상공인) 확인서(중기부장관 발급)’로 확인 / ** ｢농어업경영체 육성 및 지원에 관한 법률｣에 따른 영농조합법인 및 농업회사법인으로, ‘농업회사법인(영농조합법인) 설립신고확인증(시·군·구청장 발급)’으로 확인 / ③ (업종) 소상공인은 제조업(10~34), 도·소매업(45~47), 음식점업(561)*에 한정, 농업법인은 업종에 관계없이 허용 / * 한국표준산업분류에 따른 대분",17,latest,explicit pilot period,2026-08-15T03:40:11+00:00,2026-08-15,reviewed,0.99
51a44c99-a331-5b4f-b329-cd7e1726385b,78dca2d7-f771-553a-b788-46c9ff56d633,00039d5b-eac5-5456-8e2a-34f15b545d95,small_business_exception,소상공인 허용 업종,binary,IN,,"KSIC 10-34,45-47,561; exclude 562",,"제조업 10~34, 도·소매업 45~47, 음식점업 561; 562 제외",,,present,102,2026-05-18,2027-12-31,r17_announcement_2026_df1fdde9,0,40,7,"허용 / ① (기간) ’26. 5. 18. ~ ’27. 12. 31. (※ 시범운영 후 정식 제도화 여부 결정) / ② (대상) 소상공인* 또는 농업법인** / * ｢소상공인기본법｣ 제2조에 따른 소기업 중 “소상공인”으로, ‘중소기업(소상공인) 확인서(중기부장관 발급)’로 확인 / ** ｢농어업경영체 육성 및 지원에 관한 법률｣에 따른 영농조합법인 및 농업회사법인으로, ‘농업회사법인(영농조합법인) 설립신고확인증(시·군·구청장 발급)’으로 확인 / ③ (업종) 소상공인은 제조업(10~34), 도·소매업(45~47), 음식점업(561)*에 한정, 농업법인은 업종에 관계없이 허용 / * 한국표준산업분류에 따른 대분류 기준이며, 음식점업은 소분류 기준으로 ‘주점 및 비알코올 음료점업(562)’를 제외한 ‘음식점업(561)’만 허용 / ④ (업력) 사업 운영기간 3년 이상(사업개시일로부터 3년 이상) / ⑤ (매출액) 전년도 매출액 1억원 이상 / ※ 단, 전년도 매출액 1억원 미만이더라도 2년 간 평균액이 1억원 이상이면 허용 /  고용주가 아래의 경우에 해당하지 않을 것 / ① 아래 법률의",17,latest,explicit pilot period,2026-08-15T03:40:11+00:00,2026-08-15,reviewed,0.99
f893ea3a-5ff5-591c-93e2-138a883c7115,78dca2d7-f771-553a-b788-46c9ff56d633,00039d5b-eac5-5456-8e2a-34f15b545d95,small_business_exception,사업 운영기간,binary,>=,3.0,,year,3년 이상,,,present,103,2026-05-18,2027-12-31,r17_announcement_2026_df1fdde9,0,40,7,"* ｢농어업경영체 육성 및 지원에 관한 법률｣에 따른 영농조합법인 및 농업회사법인으로, ‘농업회사법인(영농조합법인) 설립신고확인증(시·군·구청장 발급)’으로 확인 / ③ (업종) 소상공인은 제조업(10~34), 도·소매업(45~47), 음식점업(561)*에 한정, 농업법인은 업종에 관계없이 허용 / * 한국표준산업분류에 따른 대분류 기준이며, 음식점업은 소분류 기준으로 ‘주점 및 비알코올 음료점업(562)’를 제외한 ‘음식점업(561)’만 허용 / ④ (업력) 사업 운영기간 3년 이상(사업개시일로부터 3년 이상) / ⑤ (매출액) 전년도 매출액 1억원 이상 / ※ 단, 전년도 매출액 1억원 미만이더라도 2년 간 평균액이 1억원 이상이면 허용 /  고용주가 아래의 경우에 해당하지 않을 것 / ① 아래 법률의 위반으로 금고 이상의 형 선고·집행유예 선고 또는 500만원 이상의 벌금형 선고나 범칙금 처분을 받은 자 / - 형의 집행이 종료되거나 집행을 받지 아니하기로 한 날, 집행유예를 선고받고 그 판결이 확정된 날 또는 벌금이나 범칙금을 납부",17,latest,explicit pilot period,2026-08-15T03:40:11+00:00,2026-08-15,reviewed,0.99
0a5e5e7d-9c69-5973-8647-ad67314f17fe,78dca2d7-f771-553a-b788-46c9ff56d633,00039d5b-eac5-5456-8e2a-34f15b545d95,small_business_exception,매출액,binary,>=,100000000.0,,KRW/year,전년도 1억원 이상 또는 최근 2년 평균 1억원 이상,,전년도 미달 시 최근 2년 평균으로 대체 가능,present,104,2026-05-18,2027-12-31,r17_announcement_2026_df1fdde9,0,40,7,"업회사법인으로, ‘농업회사법인(영농조합법인) 설립신고확인증(시·군·구청장 발급)’으로 확인 / ③ (업종) 소상공인은 제조업(10~34), 도·소매업(45~47), 음식점업(561)*에 한정, 농업법인은 업종에 관계없이 허용 / * 한국표준산업분류에 따른 대분류 기준이며, 음식점업은 소분류 기준으로 ‘주점 및 비알코올 음료점업(562)’를 제외한 ‘음식점업(561)’만 허용 / ④ (업력) 사업 운영기간 3년 이상(사업개시일로부터 3년 이상) / ⑤ (매출액) 전년도 매출액 1억원 이상 / ※ 단, 전년도 매출액 1억원 미만이더라도 2년 간 평균액이 1억원 이상이면 허용 /  고용주가 아래의 경우에 해당하지 않을 것 / ① 아래 법률의 위반으로 금고 이상의 형 선고·집행유예 선고 또는 500만원 이상의 벌금형 선고나 범칙금 처분을 받은 자 / - 형의 집행이 종료되거나 집행을 받지 아니하기로 한 날, 집행유예를 선고받고 그 판결이 확정된 날 또는 벌금이나 범칙금을 납부한 날로부터 3년이 경과하지 아니한 자 / ② 아래 법률의 위반으로 500",17,latest,explicit pilot period,2026-08-15T03:40:11+00:00,2026-08-15,reviewed,0.99
a9fc3655-b2a8-5814-b26a-91a30b812b47,78dca2d7-f771-553a-b788-46c9ff56d633,c8ee0ba2-23cf-5d30-8125-a72e57fa041a,employer_disqualification,중대 법 위반 고용주,binary,NOT_EXISTS,3.0,,year,관련 법 위반 중형 또는 500만원 이상 제재 후 3년 미경과,,,present,110,,,r17_announcement_2026_df1fdde9,0,40,7,"한국표준산업분류에 따른 대분류 기준이며, 음식점업은 소분류 기준으로 ‘주점 및 비알코올 음료점업(562)’를 제외한 ‘음식점업(561)’만 허용 / ④ (업력) 사업 운영기간 3년 이상(사업개시일로부터 3년 이상) / ⑤ (매출액) 전년도 매출액 1억원 이상 / ※ 단, 전년도 매출액 1억원 미만이더라도 2년 간 평균액이 1억원 이상이면 허용 /  고용주가 아래의 경우에 해당하지 않을 것 / ① 아래 법률의 위반으로 금고 이상의 형 선고·집행유예 선고 또는 500만원 이상의 벌금형 선고나 범칙금 처분을 받은 자 / - 형의 집행이 종료되거나 집행을 받지 아니하기로 한 날, 집행유예를 선고받고 그 판결이 확정된 날 또는 벌금이나 범칙금을 납부한 날로부터 3년이 경과하지 아니한 자 / ② 아래 법률의 위반으로 500만원 미만의 벌금이나 범칙금 처분을 받고 벌금이나 범칙금을 납부한 날로부터 1년이 경과하지 아니한 자 / ③ 「성매매알선 등 행위의 처벌에 관한 법률」, 「사행행위 등 규제 및 처벌특례법」 및 「마약류 관리에 관한 법률」등을 위반하여 금고 이상의",17,latest,not_explicit_in_source,2026-08-15T03:40:11+00:00,2026-08-15,reviewed,0.99
45252100-3814-5941-bc5f-c3be9604a844,78dca2d7-f771-553a-b788-46c9ff56d633,c8ee0ba2-23cf-5d30-8125-a72e57fa041a,employer_disqualification,경미 법 위반 고용주,binary,NOT_EXISTS,1.0,,year,관련 법 위반 500만원 미만 제재 후 1년 미경과,,,present,111,,,r17_announcement_2026_df1fdde9,0,40,7,"이상 / ※ 단, 전년도 매출액 1억원 미만이더라도 2년 간 평균액이 1억원 이상이면 허용 /  고용주가 아래의 경우에 해당하지 않을 것 / ① 아래 법률의 위반으로 금고 이상의 형 선고·집행유예 선고 또는 500만원 이상의 벌금형 선고나 범칙금 처분을 받은 자 / - 형의 집행이 종료되거나 집행을 받지 아니하기로 한 날, 집행유예를 선고받고 그 판결이 확정된 날 또는 벌금이나 범칙금을 납부한 날로부터 3년이 경과하지 아니한 자 / ② 아래 법률의 위반으로 500만원 미만의 벌금이나 범칙금 처분을 받고 벌금이나 범칙금을 납부한 날로부터 1년이 경과하지 아니한 자 / ③ 「성매매알선 등 행위의 처벌에 관한 법률」, 「사행행위 등 규제 및 처벌특례법」 및 「마약류 관리에 관한 법률」등을 위반하여 금고 이상의 형의 선고 또는 집행유예 선고를 받고 형의 집행이 종료되거나 집행을 받지 아니하기로 한 날 또는 집행유예를 선고받고 그 판결이 확정된 날로부터 3년이 경과하지 아니한 자 / ④ 「성폭력범죄의 처벌 등에 관한 특례법」 또는 「성폭력방지 및 피해자보호",17,latest,not_explicit_in_source,2026-08-15T03:40:11+00:00,2026-08-15,reviewed,0.99
ae9d26ab-ca5f-51e8-826a-029fb0ec597c,78dca2d7-f771-553a-b788-46c9ff56d633,c8ee0ba2-23cf-5d30-8125-a72e57fa041a,employer_disqualification,성매매·사행·마약 관련 고용주,binary,NOT_EXISTS,3.0,,year,관련 형 종료·확정 후 3년 미경과,,,present,112,,,r17_announcement_2026_df1fdde9,0,40,7,"경우에 해당하지 않을 것 / ① 아래 법률의 위반으로 금고 이상의 형 선고·집행유예 선고 또는 500만원 이상의 벌금형 선고나 범칙금 처분을 받은 자 / - 형의 집행이 종료되거나 집행을 받지 아니하기로 한 날, 집행유예를 선고받고 그 판결이 확정된 날 또는 벌금이나 범칙금을 납부한 날로부터 3년이 경과하지 아니한 자 / ② 아래 법률의 위반으로 500만원 미만의 벌금이나 범칙금 처분을 받고 벌금이나 범칙금을 납부한 날로부터 1년이 경과하지 아니한 자 / ③ 「성매매알선 등 행위의 처벌에 관한 법률」, 「사행행위 등 규제 및 처벌특례법」 및 「마약류 관리에 관한 법률」등을 위반하여 금고 이상의 형의 선고 또는 집행유예 선고를 받고 형의 집행이 종료되거나 집행을 받지 아니하기로 한 날 또는 집행유예를 선고받고 그 판결이 확정된 날로부터 3년이 경과하지 아니한 자 / ④ 「성폭력범죄의 처벌 등에 관한 특례법」 또는 「성폭력방지 및 피해자보호 등에 관한 법률」 제8조를 위반하여 금고 이상의 형의 선고 또는 집행유예 선고를 받고 형의 집행이 종료되거나 집행을",17,latest,not_explicit_in_source,2026-08-15T03:40:11+00:00,2026-08-15,reviewed,0.99
1d45b72f-593c-550b-983f-5d204973ca4d,78dca2d7-f771-553a-b788-46c9ff56d633,c8ee0ba2-23cf-5d30-8125-a72e57fa041a,employer_disqualification,성폭력 관련 고용주,binary,NOT_EXISTS,5.0,,year,관련 형 종료·확정 후 5년 미경과,,,present,113,,,r17_announcement_2026_df1fdde9,0,40,7,"/ ② 아래 법률의 위반으로 500만원 미만의 벌금이나 범칙금 처분을 받고 벌금이나 범칙금을 납부한 날로부터 1년이 경과하지 아니한 자 / ③ 「성매매알선 등 행위의 처벌에 관한 법률」, 「사행행위 등 규제 및 처벌특례법」 및 「마약류 관리에 관한 법률」등을 위반하여 금고 이상의 형의 선고 또는 집행유예 선고를 받고 형의 집행이 종료되거나 집행을 받지 아니하기로 한 날 또는 집행유예를 선고받고 그 판결이 확정된 날로부터 3년이 경과하지 아니한 자 / ④ 「성폭력범죄의 처벌 등에 관한 특례법」 또는 「성폭력방지 및 피해자보호 등에 관한 법률」 제8조를 위반하여 금고 이상의 형의 선고 또는 집행유예 선고를 받고 형의 집행이 종료되거나 집행을 받지 아니하기로 한 날 또는 집행유예를 선고받고 그 판결이 확정된 날로부터 5년이 경과하지 아니한 자 / ⑤ 「근로기준법」을 위반하여 금고 이상의 형의 선고 또는 집행유예 선고를 받고 형의 집행이 종료되거나 집행을 받지 아니하기로 한 날 또는 집행유예를 선고받고 그 판결이 확정된 날로부터 3년이 경과하지 아니한",17,latest,not_explicit_in_source,2026-08-15T03:40:11+00:00,2026-08-15,reviewed,0.99
d18fd931-24b4-5856-8370-2e7b8d5053bd,78dca2d7-f771-553a-b788-46c9ff56d633,c8ee0ba2-23cf-5d30-8125-a72e57fa041a,employer_disqualification,근로기준법 위반 고용주,binary,NOT_EXISTS,3.0,,year,관련 형 종료·확정 후 3년 미경과,,,present,114,,,r17_announcement_2026_df1fdde9,0,40,7,또는 집행유예 선고를 받고 형의 집행이 종료되거나 집행을 받지 아니하기로 한 날 또는 집행유예를 선고받고 그 판결이 확정된 날로부터 3년이 경과하지 아니한 자 / ④ 「성폭력범죄의 처벌 등에 관한 특례법」 또는 「성폭력방지 및 피해자보호 등에 관한 법률」 제8조를 위반하여 금고 이상의 형의 선고 또는 집행유예 선고를 받고 형의 집행이 종료되거나 집행을 받지 아니하기로 한 날 또는 집행유예를 선고받고 그 판결이 확정된 날로부터 5년이 경과하지 아니한 자 / ⑤ 「근로기준법」을 위반하여 금고 이상의 형의 선고 또는 집행유예 선고를 받고 형의 집행이 종료되거나 집행을 받지 아니하기로 한 날 또는 집행유예를 선고받고 그 판결이 확정된 날로부터 3년이 경과하지 아니한 자 / ⑥ 신청일부터 최근 1년간 「출입국관리법」제9조제2항(사증발급인정서 대리신청)에 따라 10인 이상의 외국인을 초청한 자로서 피초청 외국인 과반수가 불법체류 중인 사람 / ⑦ 신청일부터 최근 1개월간 「출입국관리법」제19조(외국인고용주 신고의무) 또는 제19조의4(유학생 초청기,17,latest,not_explicit_in_source,2026-08-15T03:40:11+00:00,2026-08-15,reviewed,0.99
00db7e87-d02b-57fc-9420-38824cb45e4b,78dca2d7-f771-553a-b788-46c9ff56d633,c8ee0ba2-23cf-5d30-8125-a72e57fa041a,employer_disqualification,불법체류 다수 발생 초청자,binary,NOT_EXISTS,1.0,,lookback_year,최근 1년 10명 이상 초청 및 과반 불법체류,,,present,115,,,r17_announcement_2026_df1fdde9,0,40,7,"또는 집행유예 선고를 받고 형의 집행이 종료되거나 집행을 받지 아니하기로 한 날 또는 집행유예를 선고받고 그 판결이 확정된 날로부터 5년이 경과하지 아니한 자 / ⑤ 「근로기준법」을 위반하여 금고 이상의 형의 선고 또는 집행유예 선고를 받고 형의 집행이 종료되거나 집행을 받지 아니하기로 한 날 또는 집행유예를 선고받고 그 판결이 확정된 날로부터 3년이 경과하지 아니한 자 / ⑥ 신청일부터 최근 1년간 「출입국관리법」제9조제2항(사증발급인정서 대리신청)에 따라 10인 이상의 외국인을 초청한 자로서 피초청 외국인 과반수가 불법체류 중인 사람 / ⑦ 신청일부터 최근 1개월간 「출입국관리법」제19조(외국인고용주 신고의무) 또는 제19조의4(유학생 초청기관장의 신고의무)에 의한 신고의무를 2회 이상 게을리하여 과태료를 납부한 날로부터 1개월이 경과하지 아니한 자 / 3. 체류허가 사항 / 가. 체류자격 : F-2-R(지역특화형 우수인재) / 나. 체류기간 : 최대 1년 부여 ※ (연장 시) 최초연장 1년, 이후 최대 2년 내 부여",17,latest,not_explicit_in_source,2026-08-15T03:40:11+00:00,2026-08-15,reviewed,0.99
e8f53963-0551-5b8c-8b9d-490448f24cbd,78dca2d7-f771-553a-b788-46c9ff56d633,c8ee0ba2-23cf-5d30-8125-a72e57fa041a,employer_disqualification,신고의무 반복 위반 고용주,binary,NOT_EXISTS,1.0,,lookback_year,최근 1개월 신고의무 2회 이상 위반,,,present,116,,,r17_announcement_2026_df1fdde9,0,40,7,"또는 집행유예 선고를 받고 형의 집행이 종료되거나 집행을 받지 아니하기로 한 날 또는 집행유예를 선고받고 그 판결이 확정된 날로부터 3년이 경과하지 아니한 자 / ⑥ 신청일부터 최근 1년간 「출입국관리법」제9조제2항(사증발급인정서 대리신청)에 따라 10인 이상의 외국인을 초청한 자로서 피초청 외국인 과반수가 불법체류 중인 사람 / ⑦ 신청일부터 최근 1개월간 「출입국관리법」제19조(외국인고용주 신고의무) 또는 제19조의4(유학생 초청기관장의 신고의무)에 의한 신고의무를 2회 이상 게을리하여 과태료를 납부한 날로부터 1개월이 경과하지 아니한 자 / 3. 체류허가 사항 / 가. 체류자격 : F-2-R(지역특화형 우수인재) / 나. 체류기간 : 최대 1년 부여 ※ (연장 시) 최초연장 1년, 이후 최대 2년 내 부여",17,latest,not_explicit_in_source,2026-08-15T03:40:11+00:00,2026-08-15,reviewed,0.99
f23001d5-fff9-5bb8-8160-99a5f38091d7,78dca2d7-f771-553a-b788-46c9ff56d633,e2a2a9e8-b1a4-56dc-aa49-0282832056f7,restricted_industries,사행행위 영업,binary,NOT_IN,,사행행위 영업,,사행행위 영업 취업 불가,,,present,130,,,r17_attachment_2026_07f157ee,0,25,,〇 「사행행위 등 규제 및 처벌 특례법」 제2조제1항제1호 및 동법 시행령 제1조의2 등에서 규정하고 있는 사행행위 영업,17,latest,not_explicit_in_source,2026-08-15T03:40:11+00:00,2026-08-15,reviewed,0.99
8ff73163-a45a-5f8f-9745-531c76928505,78dca2d7-f771-553a-b788-46c9ff56d633,e2a2a9e8-b1a4-56dc-aa49-0282832056f7,restricted_industries,단란·유흥주점,binary,NOT_IN,,단란·유흥주점,,단란주점 및 유흥주점 취업 불가,,,present,131,,,r17_attachment_2026_07f157ee,0,26,,"〇 「식품위생법」 제36조 및 동법시행령 제21조제8호 등에서 규정하고 있는 단란주점영업, 유흥주점영업",17,latest,not_explicit_in_source,2026-08-15T03:40:11+00:00,2026-08-15,reviewed,0.99
17cd394d-de37-5f4e-b1f4-d10e1f29a87b,78dca2d7-f771-553a-b788-46c9ff56d633,e2a2a9e8-b1a4-56dc-aa49-0282832056f7,restricted_industries,선량한 풍속에 반하는 영업,binary,NOT_IN,,선량한 풍속에 반하는 영업,,청소년 출입·고용금지업소 등 풍속영업 취업 불가,,,present,132,,,r17_attachment_2026_07f157ee,0,27,,〇 「풍속영업의 규제에 관한 법률」 제2조 및 동법시행령 제2조 등에서 규정하고 있는 풍속영업 중 선량한 풍속에 반하는 영업,17,latest,not_explicit_in_source,2026-08-15T03:40:11+00:00,2026-08-15,reviewed,0.99
54fed149-27cb-54dc-95f8-fbcea5ce4cb2,78dca2d7-f771-553a-b788-46c9ff56d633,e2a2a9e8-b1a4-56dc-aa49-0282832056f7,restricted_industries,기타 제한 분야,binary,NOT_IN,,기타 제한 분야,,체류자격 밖의 활동 및 법무부장관이 제한하는 분야 취업 불가,,,present,133,,,r17_attachment_2026_07f157ee,0,31,,〇 기타 체류자격자의 신분을 벗어난 활동 및 기타 법무부장관이 그 취업을 제한할 필요가 있다고 인정되는 분야,17,latest,not_explicit_in_source,2026-08-15T03:40:11+00:00,2026-08-15,reviewed,0.99
9e93f60d-80b8-5432-80eb-4645836219c1,78dca2d7-f771-553a-b788-46c9ff56d633,17228741-5362-528a-b6de-73371309e000,excluded_applicants,타 지자체 중복 추천 신청,binary,NOT_EXISTS,,duplicate_local_government_application,,중복 추천 발견 시 허가 취소 및 해당 연도 접수 제한,,원문 오탈자 '중복 추전'을 의미상 '중복 추천'으로 정규화,present,140,,,r17_attachment_2026_07f157ee,0,40,8,여부 [ ] 공공･민간기관･구인기업 등 제공 동의 [ ] 동의하지 않음 / ※ 다른 기관의 구직 취업알선 및 정착지원 등을 위해 신청인의 구직정보 등 제3자에 제공하는 것에 대한 동의 여부입니다. 동의하지 않는 경우에는 다른 기관의 구직 및 정착지원 서비스 제공에 제한을 받을 수 있습니다. / 3. 지역특화형 비자 추천서 발급 중복신청 유무 [ ] 유(타 지자체 신청) [ ] 무(타 지자체 미신청) / ※ 지역특화형 비자 추천서 발급 신청이 타 지자체와 중복 추전 발견 시 허가 취소 및 당해 연도 접수가 제한됩니다. 위에 적은 사항은 사실과 틀림이 없음을 확인합니다. 2026 년 월 일장 | 신청인 | (서명 또는 인),17,latest,not_explicit_in_source,2026-08-15T03:40:11+00:00,2026-08-15,reviewed,0.99
41d1fe16-7ca3-5cf6-accb-6d69ee524f8b,78dca2d7-f771-553a-b788-46c9ff56d633,d4902204-0a49-57fb-a1e5-35722ade0b97,recommendation_procedure,추천서 유효기간,binary,<=,3.0,,month,발급일로부터 3개월 이내,,,present,150,,,r17_attachment_2026_07f157ee,0,82,20,"통합프로그램 4단계 이상 이수증 / - 사전평가 5단계 이상 배정 확인서 / - 한국어능력시험(TOPIK) 4급 이상 성적표 / ⑨ 고용기업 요건 확인에 필요한 서류(󰃚 사업자등록증 사본, 납세증명서, / 지방세납세증명서, 4대 보험 가입자 명부, 고용보험 가입자 명부 등) / ⑩ 지역활력 소상공인 고용특례 확인에 필요한 서류(󰃚 중소기업(소상공인)확인서, 농업법인(영농조합법인) 설립신고확인증, 부가가치세 과세표준 증명 또는 면세사업자 수입금액증명 등) / ⑫ 지자체장 추천서(발급일로부터 3개월 이내) / ⑬ 학교장 추천서 / ⑭ 수령증 / 󰊲 외국국적동포 / ① (공통필수) 지자체장 추천서, 여권 원본 및 사본 1부, 재외동포(F-4) 통합신청서, 표준규격사진 1매, 체류지 입증서류, 수수료, 동포입증서류, 해외 범죄경력증명서, 직업 및 연간 소득금액 신고서(직업만 체크) / ② (학령기 동포) 재학･입학 예정 입증서류 또는 진단서 등 / ③ (해외전입자) 건강진단서 / ④ (임의서류) 한국어능력 입증서류 / ⑤ 그 밖에 관할 출입국･외국인관서의 장이 심사",17,latest,not_explicit_in_source,2026-08-15T03:40:11+00:00,2026-08-15,reviewed,0.99
8613330e-0620-5b01-b406-252525e6fb55,78dca2d7-f771-553a-b788-46c9ff56d633,126daa99-c5ff-5ced-8ac1-4cc198a9f33d,post_approval_maintenance,거주·취창업 유지,binary,>=,5.0,,year,지정지역에서 5년 이상 계속 거주 및 취·창업,,,present,160,,,r17_attachment_2026_07f157ee,0,21,1,"ons of Permission | | 1. 공통 Common Requirements / ❍ 자격요건(거주지 요건, 취·창업 요건, 소득요건 등)을 계속 유지할 것 / The applicant must continuously satisfy all eligibility requirement, including residence, employment/start-up, and income requirements. / 2. 지역특화형 우수인재(F-2-R) / ❍ 5년 이상 추천지역 등 지정된 지역에 계속 거주 및 취‧창업할 것 / The applicant must continuously reside and work or engage in start-up activities in the designated region(e.g., recommended area) for at least five(5) years. / - 단, 2년 경과 시 동일 광역자치단체 내 다른 인구감소지역으로의 이전 가능 / However, after two(2) years, relocation to anoth",17,latest,not_explicit_in_source,2026-08-15T03:40:11+00:00,2026-08-15,reviewed,0.99
81ea7938-e0b5-5650-a5d4-00860245b895,78dca2d7-f771-553a-b788-46c9ff56d633,126daa99-c5ff-5ced-8ac1-4cc198a9f33d,post_approval_maintenance,2년 후 지역 이전,informational,,2.0,,year,2년 후 동일 광역자치단체 내 다른 인구감소지역으로 이전 가능,,,present,161,,,r17_attachment_2026_07f157ee,0,21,1,"up, and income requirements. / 2. 지역특화형 우수인재(F-2-R) / ❍ 5년 이상 추천지역 등 지정된 지역에 계속 거주 및 취‧창업할 것 / The applicant must continuously reside and work or engage in start-up activities in the designated region(e.g., recommended area) for at least five(5) years. / - 단, 2년 경과 시 동일 광역자치단체 내 다른 인구감소지역으로의 이전 가능 / However, after two(2) years, relocation to another population-declining region within the same metropolitan or provincial area is permitted. / ❍ 근무처 또는 취업과 창업간 변경 시 광역지자체 장이 발급한 추천서를 첨부하여 관할 출입국관서에서 “허가조건 변경” 심사를 받아야 함 / In the event of a change of workplac",17,latest,not_explicit_in_source,2026-08-15T03:40:11+00:00,2026-08-15,reviewed,0.99
9895900e-0abc-579b-92d3-bd8dd1424f47,78dca2d7-f771-553a-b788-46c9ff56d633,126daa99-c5ff-5ced-8ac1-4cc198a9f33d,post_approval_maintenance,허가조건 변경 심사,informational,,,,,근무처 또는 취업·창업 간 변경 시 광역 추천서와 출입국 심사 필요,,,present,162,,,r17_attachment_2026_07f157ee,0,21,1,"ignated region(e.g., recommended area) for at least five(5) years. / - 단, 2년 경과 시 동일 광역자치단체 내 다른 인구감소지역으로의 이전 가능 / However, after two(2) years, relocation to another population-declining region within the same metropolitan or provincial area is permitted. / ❍ 근무처 또는 취업과 창업간 변경 시 광역지자체 장이 발급한 추천서를 첨부하여 관할 출입국관서에서 “허가조건 변경” 심사를 받아야 함 / In the event of a change of workplace or a change between employment and start-up activities, the applicant must submit a letter of recommendation issued by the head of the relevant metropolitan or provi",17,latest,not_explicit_in_source,2026-08-15T03:40:11+00:00,2026-08-15,reviewed,0.99
aaf46524-1968-5847-a71f-98290bdf04e2,78dca2d7-f771-553a-b788-46c9ff56d633,126daa99-c5ff-5ced-8ac1-4cc198a9f33d,stay_period,최초 체류기간,binary,<=,1.0,,year,최대 1년,,,present,163,,,r17_announcement_2026_df1fdde9,0,40,7,"부터 최근 1년간 「출입국관리법」제9조제2항(사증발급인정서 대리신청)에 따라 10인 이상의 외국인을 초청한 자로서 피초청 외국인 과반수가 불법체류 중인 사람 / ⑦ 신청일부터 최근 1개월간 「출입국관리법」제19조(외국인고용주 신고의무) 또는 제19조의4(유학생 초청기관장의 신고의무)에 의한 신고의무를 2회 이상 게을리하여 과태료를 납부한 날로부터 1개월이 경과하지 아니한 자 / 3. 체류허가 사항 / 가. 체류자격 : F-2-R(지역특화형 우수인재) / 나. 체류기간 : 최대 1년 부여 ※ (연장 시) 최초연장 1년, 이후 최대 2년 내 부여",17,latest,not_explicit_in_source,2026-08-15T03:40:11+00:00,2026-08-15,reviewed,0.99
d6817b68-b0d4-5232-a661-2d686baefa10,78dca2d7-f771-553a-b788-46c9ff56d633,126daa99-c5ff-5ced-8ac1-4cc198a9f33d,stay_period,최초 연장,binary,=,1.0,,year,1년,,,present,164,,,r17_announcement_2026_df1fdde9,0,40,7,"증발급인정서 대리신청)에 따라 10인 이상의 외국인을 초청한 자로서 피초청 외국인 과반수가 불법체류 중인 사람 / ⑦ 신청일부터 최근 1개월간 「출입국관리법」제19조(외국인고용주 신고의무) 또는 제19조의4(유학생 초청기관장의 신고의무)에 의한 신고의무를 2회 이상 게을리하여 과태료를 납부한 날로부터 1개월이 경과하지 아니한 자 / 3. 체류허가 사항 / 가. 체류자격 : F-2-R(지역특화형 우수인재) / 나. 체류기간 : 최대 1년 부여 ※ (연장 시) 최초연장 1년, 이후 최대 2년 내 부여",17,latest,not_explicit_in_source,2026-08-15T03:40:11+00:00,2026-08-15,reviewed,0.99
41d6b502-4417-5462-b2c1-ea733421a9e4,78dca2d7-f771-553a-b788-46c9ff56d633,126daa99-c5ff-5ced-8ac1-4cc198a9f33d,stay_period,후속 연장,binary,<=,2.0,,year,회당 최대 2년,,,present,165,,,r17_announcement_2026_df1fdde9,0,40,7,"신청)에 따라 10인 이상의 외국인을 초청한 자로서 피초청 외국인 과반수가 불법체류 중인 사람 / ⑦ 신청일부터 최근 1개월간 「출입국관리법」제19조(외국인고용주 신고의무) 또는 제19조의4(유학생 초청기관장의 신고의무)에 의한 신고의무를 2회 이상 게을리하여 과태료를 납부한 날로부터 1개월이 경과하지 아니한 자 / 3. 체류허가 사항 / 가. 체류자격 : F-2-R(지역특화형 우수인재) / 나. 체류기간 : 최대 1년 부여 ※ (연장 시) 최초연장 1년, 이후 최대 2년 내 부여",17,latest,not_explicit_in_source,2026-08-15T03:40:11+00:00,2026-08-15,reviewed,0.99
779105e0-cae5-5ed4-a37b-20426f200bc4,78dca2d7-f771-553a-b788-46c9ff56d633,2303a152-e2a2-50c5-b3b6-5f12ab63bf2a,dependent_family,동반가족 체류자격,binary,IN,,"F-3-1R,F-3-2R,F-3-3R",,F-3-1R·F-3-2R·F-3-3R,,,present,170,,,r17_attachment_2026_07f157ee,0,21,1,"n-declining region within the same metropolitan or provincial area is permitted. / 4. 지역특화형 재외동포(F-4-R) / ❍ 2년 이상 지정된 인구감소지역에 계속 거주할 것 / The applicant must continuously reside for at least Two(2) years in a designated population-declining concern region. / 5. 지역특화형 동반가족(F-3-1R, F-3-2R, F-3-3R) / ❍ 주체류자격자와 동일한 주소지에서 거주할 것 / The family member must reside at the same address as the principal status holder. / ❍ 학령기 자녀인 경우 재학 필수(초중고 포함) / In the case of school-age children, school attendance is mandatory(Including elementary, middle, and high school). /",17,latest,not_explicit_in_source,2026-08-15T03:40:11+00:00,2026-08-15,reviewed,0.99
12e0ebd6-2a4d-5150-b4f7-da6acc2ff05f,78dca2d7-f771-553a-b788-46c9ff56d633,2303a152-e2a2-50c5-b3b6-5f12ab63bf2a,dependent_family,주체류자와 동일 주소,binary,=,,same_address,,주체류자격자와 같은 주소에 거주,,,present,171,,,r17_attachment_2026_07f157ee,0,21,1,"opolitan or provincial area is permitted. / 4. 지역특화형 재외동포(F-4-R) / ❍ 2년 이상 지정된 인구감소지역에 계속 거주할 것 / The applicant must continuously reside for at least Two(2) years in a designated population-declining concern region. / 5. 지역특화형 동반가족(F-3-1R, F-3-2R, F-3-3R) / ❍ 주체류자격자와 동일한 주소지에서 거주할 것 / The family member must reside at the same address as the principal status holder. / ❍ 학령기 자녀인 경우 재학 필수(초중고 포함) / In the case of school-age children, school attendance is mandatory(Including elementary, middle, and high school). / ※ 주체류자격자가 허가조건 위반으로 체류기간",17,latest,not_explicit_in_source,2026-08-15T03:40:11+00:00,2026-08-15,reviewed,0.99
512765ec-2510-51c0-846b-f5e667bbcbeb,78dca2d7-f771-553a-b788-46c9ff56d633,2303a152-e2a2-50c5-b3b6-5f12ab63bf2a,dependent_family,학령기 자녀 재학,binary,=,,school_attendance,,학령기 자녀는 초·중·고 재학 필수,,,present,172,,,r17_attachment_2026_07f157ee,0,21,1,"must continuously reside for at least Two(2) years in a designated population-declining concern region. / 5. 지역특화형 동반가족(F-3-1R, F-3-2R, F-3-3R) / ❍ 주체류자격자와 동일한 주소지에서 거주할 것 / The family member must reside at the same address as the principal status holder. / ❍ 학령기 자녀인 경우 재학 필수(초중고 포함) / In the case of school-age children, school attendance is mandatory(Including elementary, middle, and high school). / ※ 주체류자격자가 허가조건 위반으로 체류기간 변경 또는 체류허가 취소되는 경우 동일하게 처리됨 / If the principal status holder has their period of stay changed or their stat",17,latest,not_explicit_in_source,2026-08-15T03:40:11+00:00,2026-08-15,reviewed,0.99
a06153f0-63f3-5802-b45d-fb12c2ade02e,78dca2d7-f771-553a-b788-46c9ff56d633,2303a152-e2a2-50c5-b3b6-5f12ab63bf2a,dependent_family,주체류자 위반 연동,informational,,,,,주체류자의 기간 변경·허가 취소 시 동반가족도 동일 처리,,,present,173,,,r17_attachment_2026_07f157ee,0,21,1,"❍ 주체류자격자와 동일한 주소지에서 거주할 것 / The family member must reside at the same address as the principal status holder. / ❍ 학령기 자녀인 경우 재학 필수(초중고 포함) / In the case of school-age children, school attendance is mandatory(Including elementary, middle, and high school). / ※ 주체류자격자가 허가조건 위반으로 체류기간 변경 또는 체류허가 취소되는 경우 동일하게 처리됨 / If the principal status holder has their period of stay changed or their status of stay revoked due to a violation of permission conditions, accompanying family members will be subject to the same measures.",17,latest,not_explicit_in_source,2026-08-15T03:40:11+00:00,2026-08-15,reviewed,0.99
